Target,Target_Namespace,Target_Type,Target_Method,Job_Id,Job_AnalyzeLaunchVariance,Job_EvaluateOverhead,Job_MaxAbsoluteError,Job_MaxRelativeError,Job_MinInvokeCount,Job_MinIterationTime,Job_OutlierMode,Job_Affinity,Job_EnvironmentVariables,Job_Jit,Job_LargeAddressAware,Job_Platform,Job_PowerPlanMode,Job_Runtime,Job_AllowVeryLargeObjects,Job_Concurrent,Job_CpuGroups,Job_Force,Job_HeapAffinitizeMask,Job_HeapCount,Job_NoAffinitize,Job_RetainVm,Job_Server,Job_Arguments,Job_BuildConfiguration,Job_Clock,Job_EngineFactory,Job_NuGetReferences,Job_Toolchain,Job_IsMutator,Job_InvocationCount,Job_IterationCount,Job_IterationTime,Job_LaunchCount,Job_MaxIterationCount,Job_MaxWarmupIterationCount,Job_MemoryRandomization,Job_MinIterationCount,Job_MinWarmupIterationCount,Job_RunStrategy,Job_UnrollFactor,Job_WarmupCount,Job_Display,Params,Measurement_LaunchIndex,Measurement_IterationMode,Measurement_IterationStage,Measurement_IterationIndex,Measurement_Nanoseconds,Measurement_Operations,Measurement_Value,Gen_0,Gen_1,Gen_2,Allocated_Bytes
SerializationBenchmark.Serialize_JsonSerializer,KeyValueStore.Benchmarks,SerializationBenchmark,Serialize_JsonSerializer,DefaultJob,Default,Default,Default,Default,Default,Default,Default,Default,Default,Default,Default,Default,Default,Default,Default,Default,Default,Default,Default,Default,Default,Default,Default,Default,Default,Default,Default,Default,Default,Default,Default,Default,Default,Default,Default,Default,Default,Default,Default,Default,Default,Default,DefaultJob,,1,Overhead,Jitting,1,108000,1,108000,0,0,0,0
SerializationBenchmark.Serialize_JsonSerializer,KeyValueStore.Benchmarks,SerializationBenchmark,Serialize_JsonSerializer,DefaultJob,Default,Default,Default,Default,Default,Default,Default,Default,Default,Default,Default,Default,Default,Default,Default,Default,Default,Default,Default,Default,Default,Default,Default,Default,Default,Default,Default,Default,Default,Default,Default,Default,Default,Default,Default,Default,Default,Default,Default,Default,Default,Default,DefaultJob,,1,Workload,Jitting,1,17225200,1,17225200,0,0,0,0
SerializationBenchmark.Serialize_JsonSerializer,KeyValueStore.Benchmarks,SerializationBenchmark,Serialize_JsonSerializer,DefaultJob,Default,Default,Default,Default,Default,Default,Default,Default,Default,Default,Default,Default,Default,Default,Default,Default,Default,Default,Default,Default,Default,Default,Default,Default,Default,Default,Default,Default,Default,Default,Default,Default,Default,Default,Default,Default,Default,Default,Default,Default,Default,Default,DefaultJob,,1,Overhead,Jitting,2,141200,16,8825,0,0,0,0
SerializationBenchmark.Serialize_JsonSerializer,KeyValueStore.Benchmarks,SerializationBenchmark,Serialize_JsonSerializer,DefaultJob,Default,Default,Default,Default,Default,Default,Default,Default,Default,Default,Default,Default,Default,Default,Default,Default,Default,Default,Default,Default,Default,Default,Default,Default,Default,Default,Default,Default,Default,Default,Default,Default,Default,Default,Default,Default,Default,Default,Default,Default,Default,Default,DefaultJob,,1,Workload,Jitting,2,199500,16,12468.75,0,0,0,0
SerializationBenchmark.Serialize_JsonSerializer,KeyValueStore.Benchmarks,SerializationBenchmark,Serialize_JsonSerializer,DefaultJob,Default,Default,Default,Default,Default,Default,Default,Default,Default,Default,Default,Default,Default,Default,Default,Default,Default,Default,Default,Default,Default,Default,Default,Default,Default,Default,Default,Default,Default,Default,Default,Default,Default,Default,Default,Default,Default,Default,Default,Default,Default,Default,DefaultJob,,1,Workload,Pilot,1,17100,16,1068.75,0,0,0,0
SerializationBenchmark.Serialize_JsonSerializer,KeyValueStore.Benchmarks,SerializationBenchmark,Serialize_JsonSerializer,DefaultJob,Default,Default,Default,Default,Default,Default,Default,Default,Default,Default,Default,Default,Default,Default,Default,Default,Default,Default,Default,Default,Default,Default,Default,Default,Default,Default,Default,Default,Default,Default,Default,Default,Default,Default,Default,Default,Default,Default,Default,Default,Default,Default,DefaultJob,,1,Workload,Pilot,2,21800,32,681.25,0,0,0,0
SerializationBenchmark.Serialize_JsonSerializer,KeyValueStore.Benchmarks,SerializationBenchmark,Serialize_JsonSerializer,DefaultJob,Default,Default,Default,Default,Default,Default,Default,Default,Default,Default,Default,Default,Default,Default,Default,Default,Default,Default,Default,Default,Default,Default,Default,Default,Default,Default,Default,Default,Default,Default,Default,Default,Default,Default,Default,Default,Default,Default,Default,Default,Default,Default,DefaultJob,,1,Workload,Pilot,3,30900,64,482.81,0,0,0,0
SerializationBenchmark.Serialize_JsonSerializer,KeyValueStore.Benchmarks,SerializationBenchmark,Serialize_JsonSerializer,DefaultJob,Default,Default,Default,Default,Default,Default,Default,Default,Default,Default,Default,Default,Default,Default,Default,Default,Default,Default,Default,Default,Default,Default,Default,Default,Default,Default,Default,Default,Default,Default,Default,Default,Default,Default,Default,Default,Default,Default,Default,Default,Default,Default,DefaultJob,,1,Workload,Pilot,4,53500,128,417.97,0,0,0,0
SerializationBenchmark.Serialize_JsonSerializer,KeyValueStore.Benchmarks,SerializationBenchmark,Serialize_JsonSerializer,DefaultJob,Default,Default,Default,Default,Default,Default,Default,Default,Default,Default,Default,Default,Default,Default,Default,Default,Default,Default,Default,Default,Default,Default,Default,Default,Default,Default,Default,Default,Default,Default,Default,Default,Default,Default,Default,Default,Default,Default,Default,Default,Default,Default,DefaultJob,,1,Workload,Pilot,5,98600,256,385.16,0,0,0,0
SerializationBenchmark.Serialize_JsonSerializer,KeyValueStore.Benchmarks,SerializationBenchmark,Serialize_JsonSerializer,DefaultJob,Default,Default,Default,Default,Default,Default,Default,Default,Default,Default,Default,Default,Default,Default,Default,Default,Default,Default,Default,Default,Default,Default,Default,Default,Default,Default,Default,Default,Default,Default,Default,Default,Default,Default,Default,Default,Default,Default,Default,Default,Default,Default,DefaultJob,,1,Workload,Pilot,6,190400,512,371.88,0,0,0,0
SerializationBenchmark.Serialize_JsonSerializer,KeyValueStore.Benchmarks,SerializationBenchmark,Serialize_JsonSerializer,DefaultJob,Default,Default,Default,Default,Default,Default,Default,Default,Default,Default,Default,Default,Default,Default,Default,Default,Default,Default,Default,Default,Default,Default,Default,Default,Default,Default,Default,Default,Default,Default,Default,Default,Default,Default,Default,Default,Default,Default,Default,Default,Default,Default,DefaultJob,,1,Workload,Pilot,7,371300,1024,362.6,0,0,0,0
SerializationBenchmark.Serialize_JsonSerializer,KeyValueStore.Benchmarks,SerializationBenchmark,Serialize_JsonSerializer,DefaultJob,Default,Default,Default,Default,Default,Default,Default,Default,Default,Default,Default,Default,Default,Default,Default,Default,Default,Default,Default,Default,Default,Default,Default,Default,Default,Default,Default,Default,Default,Default,Default,Default,Default,Default,Default,Default,Default,Default,Default,Default,Default,Default,DefaultJob,,1,Workload,Pilot,8,746500,2048,364.5,0,0,0,0
SerializationBenchmark.Serialize_JsonSerializer,KeyValueStore.Benchmarks,SerializationBenchmark,Serialize_JsonSerializer,DefaultJob,Default,Default,Default,Default,Default,Default,Default,Default,Default,Default,Default,Default,Default,Default,Default,Default,Default,Default,Default,Default,Default,Default,Default,Default,Default,Default,Default,Default,Default,Default,Default,Default,Default,Default,Default,Default,Default,Default,Default,Default,Default,Default,DefaultJob,,1,Workload,Pilot,9,1484400,4096,362.4,0,0,0,0
SerializationBenchmark.Serialize_JsonSerializer,KeyValueStore.Benchmarks,SerializationBenchmark,Serialize_JsonSerializer,DefaultJob,Default,Default,Default,Default,Default,Default,Default,Default,Default,Default,Default,Default,Default,Default,Default,Default,Default,Default,Default,Default,Default,Default,Default,Default,Default,Default,Default,Default,Default,Default,Default,Default,Default,Default,Default,Default,Default,Default,Default,Default,Default,Default,DefaultJob,,1,Workload,Pilot,10,3053800,8192,372.78,0,0,0,0
SerializationBenchmark.Serialize_JsonSerializer,KeyValueStore.Benchmarks,SerializationBenchmark,Serialize_JsonSerializer,DefaultJob,Default,Default,Default,Default,Default,Default,Default,Default,Default,Default,Default,Default,Default,Default,Default,Default,Default,Default,Default,Default,Default,Default,Default,Default,Default,Default,Default,Default,Default,Default,Default,Default,Default,Default,Default,Default,Default,Default,Default,Default,Default,Default,DefaultJob,,1,Workload,Pilot,11,6009100,16384,366.77,0,0,0,0
SerializationBenchmark.Serialize_JsonSerializer,KeyValueStore.Benchmarks,SerializationBenchmark,Serialize_JsonSerializer,DefaultJob,Default,Default,Default,Default,Default,Default,Default,Default,Default,Default,Default,Default,Default,Default,Default,Default,Default,Default,Default,Default,Default,Default,Default,Default,Default,Default,Default,Default,Default,Default,Default,Default,Default,Default,Default,Default,Default,Default,Default,Default,Default,Default,DefaultJob,,1,Workload,Pilot,12,12349700,32768,376.88,0,0,0,0
SerializationBenchmark.Serialize_JsonSerializer,KeyValueStore.Benchmarks,SerializationBenchmark,Serialize_JsonSerializer,DefaultJob,Default,Default,Default,Default,Default,Default,Default,Default,Default,Default,Default,Default,Default,Default,Default,Default,Default,Default,Default,Default,Default,Default,Default,Default,Default,Default,Default,Default,Default,Default,Default,Default,Default,Default,Default,Default,Default,Default,Default,Default,Default,Default,DefaultJob,,1,Workload,Pilot,13,31432000,65536,479.61,0,0,0,0
SerializationBenchmark.Serialize_JsonSerializer,KeyValueStore.Benchmarks,SerializationBenchmark,Serialize_JsonSerializer,DefaultJob,Default,Default,Default,Default,Default,Default,Default,Default,Default,Default,Default,Default,Default,Default,Default,Default,Default,Default,Default,Default,Default,Default,Default,Default,Default,Default,Default,Default,Default,Default,Default,Default,Default,Default,Default,Default,Default,Default,Default,Default,Default,Default,DefaultJob,,1,Workload,Pilot,14,49082800,131072,374.47,0,0,0,0
SerializationBenchmark.Serialize_JsonSerializer,KeyValueStore.Benchmarks,SerializationBenchmark,Serialize_JsonSerializer,DefaultJob,Default,Default,Default,Default,Default,Default,Default,Default,Default,Default,Default,Default,Default,Default,Default,Default,Default,Default,Default,Default,Default,Default,Default,Default,Default,Default,Default,Default,Default,Default,Default,Default,Default,Default,Default,Default,Default,Default,Default,Default,Default,Default,DefaultJob,,1,Workload,Pilot,15,121318000,262144,462.79,0,0,0,0
SerializationBenchmark.Serialize_JsonSerializer,KeyValueStore.Benchmarks,SerializationBenchmark,Serialize_JsonSerializer,DefaultJob,Default,Default,Default,Default,Default,Default,Default,Default,Default,Default,Default,Default,Default,Default,Default,Default,Default,Default,Default,Default,Default,Default,Default,Default,Default,Default,Default,Default,Default,Default,Default,Default,Default,Default,Default,Default,Default,Default,Default,Default,Default,Default,DefaultJob,,1,Workload,Pilot,16,184771100,524288,352.42,0,0,0,0
SerializationBenchmark.Serialize_JsonSerializer,KeyValueStore.Benchmarks,SerializationBenchmark,Serialize_JsonSerializer,DefaultJob,Default,Default,Default,Default,Default,Default,Default,Default,Default,Default,Default,Default,Default,Default,Default,Default,Default,Default,Default,Default,Default,Default,Default,Default,Default,Default,Default,Default,Default,Default,Default,Default,Default,Default,Default,Default,Default,Default,Default,Default,Default,Default,DefaultJob,,1,Workload,Pilot,17,131426000,1048576,125.34,0,0,0,0
SerializationBenchmark.Serialize_JsonSerializer,KeyValueStore.Benchmarks,SerializationBenchmark,Serialize_JsonSerializer,DefaultJob,Default,Default,Default,Default,Default,Default,Default,Default,Default,Default,Default,Default,Default,Default,Default,Default,Default,Default,Default,Default,Default,Default,Default,Default,Default,Default,Default,Default,Default,Default,Default,Default,Default,Default,Default,Default,Default,Default,Default,Default,Default,Default,DefaultJob,,1,Workload,Pilot,18,266015400,2097152,126.85,0,0,0,0
SerializationBenchmark.Serialize_JsonSerializer,KeyValueStore.Benchmarks,SerializationBenchmark,Serialize_JsonSerializer,DefaultJob,Default,Default,Default,Default,Default,Default,Default,Default,Default,Default,Default,Default,Default,Default,Default,Default,Default,Default,Default,Default,Default,Default,Default,Default,Default,Default,Default,Default,Default,Default,Default,Default,Default,Default,Default,Default,Default,Default,Default,Default,Default,Default,DefaultJob,,1,Workload,Pilot,19,503344500,4194304,120.01,0,0,0,0
SerializationBenchmark.Serialize_JsonSerializer,KeyValueStore.Benchmarks,SerializationBenchmark,Serialize_JsonSerializer,DefaultJob,Default,Default,Default,Default,Default,Default,Default,Default,Default,Default,Default,Default,Default,Default,Default,Default,Default,Default,Default,Default,Default,Default,Default,Default,Default,Default,Default,Default,Default,Default,Default,Default,Default,Default,Default,Default,Default,Default,Default,Default,Default,Default,DefaultJob,,1,Overhead,Warmup,1,6001900,4194304,1.43,0,0,0,0
SerializationBenchmark.Serialize_JsonSerializer,KeyValueStore.Benchmarks,SerializationBenchmark,Serialize_JsonSerializer,DefaultJob,Default,Default,Default,Default,Default,Default,Default,Default,Default,Default,Default,Default,Default,Default,Default,Default,Default,Default,Default,Default,Default,Default,Default,Default,Default,Default,Default,Default,Default,Default,Default,Default,Default,Default,Default,Default,Default,Default,Default,Default,Default,Default,DefaultJob,,1,Overhead,Warmup,2,6081400,4194304,1.45,0,0,0,0
SerializationBenchmark.Serialize_JsonSerializer,KeyValueStore.Benchmarks,SerializationBenchmark,Serialize_JsonSerializer,DefaultJob,Default,Default,Default,Default,Default,Default,Default,Default,Default,Default,Default,Default,Default,Default,Default,Default,Default,Default,Default,Default,Default,Default,Default,Default,Default,Default,Default,Default,Default,Default,Default,Default,Default,Default,Default,Default,Default,Default,Default,Default,Default,Default,DefaultJob,,1,Overhead,Warmup,3,5780800,4194304,1.38,0,0,0,0
SerializationBenchmark.Serialize_JsonSerializer,KeyValueStore.Benchmarks,SerializationBenchmark,Serialize_JsonSerializer,DefaultJob,Default,Default,Default,Default,Default,Default,Default,Default,Default,Default,Default,Default,Default,Default,Default,Default,Default,Default,Default,Default,Default,Default,Default,Default,Default,Default,Default,Default,Default,Default,Default,Default,Default,Default,Default,Default,Default,Default,Default,Default,Default,Default,DefaultJob,,1,Overhead,Warmup,4,6360700,4194304,1.52,0,0,0,0
SerializationBenchmark.Serialize_JsonSerializer,KeyValueStore.Benchmarks,SerializationBenchmark,Serialize_JsonSerializer,DefaultJob,Default,Default,Default,Default,Default,Default,Default,Default,Default,Default,Default,Default,Default,Default,Default,Default,Default,Default,Default,Default,Default,Default,Default,Default,Default,Default,Default,Default,Default,Default,Default,Default,Default,Default,Default,Default,Default,Default,Default,Default,Default,Default,DefaultJob,,1,Overhead,Warmup,5,6189200,4194304,1.48,0,0,0,0
SerializationBenchmark.Serialize_JsonSerializer,KeyValueStore.Benchmarks,SerializationBenchmark,Serialize_JsonSerializer,DefaultJob,Default,Default,Default,Default,Default,Default,Default,Default,Default,Default,Default,Default,Default,Default,Default,Default,Default,Default,Default,Default,Default,Default,Default,Default,Default,Default,Default,Default,Default,Default,Default,Default,Default,Default,Default,Default,Default,Default,Default,Default,Default,Default,DefaultJob,,1,Overhead,Actual,1,5802900,4194304,1.38,0,0,0,0
SerializationBenchmark.Serialize_JsonSerializer,KeyValueStore.Benchmarks,SerializationBenchmark,Serialize_JsonSerializer,DefaultJob,Default,Default,Default,Default,Default,Default,Default,Default,Default,Default,Default,Default,Default,Default,Default,Default,Default,Default,Default,Default,Default,Default,Default,Default,Default,Default,Default,Default,Default,Default,Default,Default,Default,Default,Default,Default,Default,Default,Default,Default,Default,Default,DefaultJob,,1,Overhead,Actual,2,5823300,4194304,1.39,0,0,0,0
SerializationBenchmark.Serialize_JsonSerializer,KeyValueStore.Benchmarks,SerializationBenchmark,Serialize_JsonSerializer,DefaultJob,Default,Default,Default,Default,Default,Default,Default,Default,Default,Default,Default,Default,Default,Default,Default,Default,Default,Default,Default,Default,Default,Default,Default,Default,Default,Default,Default,Default,Default,Default,Default,Default,Default,Default,Default,Default,Default,Default,Default,Default,Default,Default,DefaultJob,,1,Overhead,Actual,3,6336600,4194304,1.51,0,0,0,0
SerializationBenchmark.Serialize_JsonSerializer,KeyValueStore.Benchmarks,SerializationBenchmark,Serialize_JsonSerializer,DefaultJob,Default,Default,Default,Default,Default,Default,Default,Default,Default,Default,Default,Default,Default,Default,Default,Default,Default,Default,Default,Default,Default,Default,Default,Default,Default,Default,Default,Default,Default,Default,Default,Default,Default,Default,Default,Default,Default,Default,Default,Default,Default,Default,DefaultJob,,1,Overhead,Actual,4,5948400,4194304,1.42,0,0,0,0
SerializationBenchmark.Serialize_JsonSerializer,KeyValueStore.Benchmarks,SerializationBenchmark,Serialize_JsonSerializer,DefaultJob,Default,Default,Default,Default,Default,Default,Default,Default,Default,Default,Default,Default,Default,Default,Default,Default,Default,Default,Default,Default,Default,Default,Default,Default,Default,Default,Default,Default,Default,Default,Default,Default,Default,Default,Default,Default,Default,Default,Default,Default,Default,Default,DefaultJob,,1,Overhead,Actual,5,5881300,4194304,1.4,0,0,0,0
SerializationBenchmark.Serialize_JsonSerializer,KeyValueStore.Benchmarks,SerializationBenchmark,Serialize_JsonSerializer,DefaultJob,Default,Default,Default,Default,Default,Default,Default,Default,Default,Default,Default,Default,Default,Default,Default,Default,Default,Default,Default,Default,Default,Default,Default,Default,Default,Default,Default,Default,Default,Default,Default,Default,Default,Default,Default,Default,Default,Default,Default,Default,Default,Default,DefaultJob,,1,Overhead,Actual,6,5804100,4194304,1.38,0,0,0,0
SerializationBenchmark.Serialize_JsonSerializer,KeyValueStore.Benchmarks,SerializationBenchmark,Serialize_JsonSerializer,DefaultJob,Default,Default,Default,Default,Default,Default,Default,Default,Default,Default,Default,Default,Default,Default,Default,Default,Default,Default,Default,Default,Default,Default,Default,Default,Default,Default,Default,Default,Default,Default,Default,Default,Default,Default,Default,Default,Default,Default,Default,Default,Default,Default,DefaultJob,,1,Overhead,Actual,7,6434400,4194304,1.53,0,0,0,0
SerializationBenchmark.Serialize_JsonSerializer,KeyValueStore.Benchmarks,SerializationBenchmark,Serialize_JsonSerializer,DefaultJob,Default,Default,Default,Default,Default,Default,Default,Default,Default,Default,Default,Default,Default,Default,Default,Default,Default,Default,Default,Default,Default,Default,Default,Default,Default,Default,Default,Default,Default,Default,Default,Default,Default,Default,Default,Default,Default,Default,Default,Default,Default,Default,DefaultJob,,1,Overhead,Actual,8,5901800,4194304,1.41,0,0,0,0
SerializationBenchmark.Serialize_JsonSerializer,KeyValueStore.Benchmarks,SerializationBenchmark,Serialize_JsonSerializer,DefaultJob,Default,Default,Default,Default,Default,Default,Default,Default,Default,Default,Default,Default,Default,Default,Default,Default,Default,Default,Default,Default,Default,Default,Default,Default,Default,Default,Default,Default,Default,Default,Default,Default,Default,Default,Default,Default,Default,Default,Default,Default,Default,Default,DefaultJob,,1,Overhead,Actual,9,6129400,4194304,1.46,0,0,0,0
SerializationBenchmark.Serialize_JsonSerializer,KeyValueStore.Benchmarks,SerializationBenchmark,Serialize_JsonSerializer,DefaultJob,Default,Default,Default,Default,Default,Default,Default,Default,Default,Default,Default,Default,Default,Default,Default,Default,Default,Default,Default,Default,Default,Default,Default,Default,Default,Default,Default,Default,Default,Default,Default,Default,Default,Default,Default,Default,Default,Default,Default,Default,Default,Default,DefaultJob,,1,Overhead,Actual,10,6133000,4194304,1.46,0,0,0,0
SerializationBenchmark.Serialize_JsonSerializer,KeyValueStore.Benchmarks,SerializationBenchmark,Serialize_JsonSerializer,DefaultJob,Default,Default,Default,Default,Default,Default,Default,Default,Default,Default,Default,Default,Default,Default,Default,Default,Default,Default,Default,Default,Default,Default,Default,Default,Default,Default,Default,Default,Default,Default,Default,Default,Default,Default,Default,Default,Default,Default,Default,Default,Default,Default,DefaultJob,,1,Overhead,Actual,11,5921200,4194304,1.41,0,0,0,0
SerializationBenchmark.Serialize_JsonSerializer,KeyValueStore.Benchmarks,SerializationBenchmark,Serialize_JsonSerializer,DefaultJob,Default,Default,Default,Default,Default,Default,Default,Default,Default,Default,Default,Default,Default,Default,Default,Default,Default,Default,Default,Default,Default,Default,Default,Default,Default,Default,Default,Default,Default,Default,Default,Default,Default,Default,Default,Default,Default,Default,Default,Default,Default,Default,DefaultJob,,1,Overhead,Actual,12,6508700,4194304,1.55,0,0,0,0
SerializationBenchmark.Serialize_JsonSerializer,KeyValueStore.Benchmarks,SerializationBenchmark,Serialize_JsonSerializer,DefaultJob,Default,Default,Default,Default,Default,Default,Default,Default,Default,Default,Default,Default,Default,Default,Default,Default,Default,Default,Default,Default,Default,Default,Default,Default,Default,Default,Default,Default,Default,Default,Default,Default,Default,Default,Default,Default,Default,Default,Default,Default,Default,Default,DefaultJob,,1,Overhead,Actual,13,5945200,4194304,1.42,0,0,0,0
SerializationBenchmark.Serialize_JsonSerializer,KeyValueStore.Benchmarks,SerializationBenchmark,Serialize_JsonSerializer,DefaultJob,Default,Default,Default,Default,Default,Default,Default,Default,Default,Default,Default,Default,Default,Default,Default,Default,Default,Default,Default,Default,Default,Default,Default,Default,Default,Default,Default,Default,Default,Default,Default,Default,Default,Default,Default,Default,Default,Default,Default,Default,Default,Default,DefaultJob,,1,Overhead,Actual,14,6032100,4194304,1.44,0,0,0,0
SerializationBenchmark.Serialize_JsonSerializer,KeyValueStore.Benchmarks,SerializationBenchmark,Serialize_JsonSerializer,DefaultJob,Default,Default,Default,Default,Default,Default,Default,Default,Default,Default,Default,Default,Default,Default,Default,Default,Default,Default,Default,Default,Default,Default,Default,Default,Default,Default,Default,Default,Default,Default,Default,Default,Default,Default,Default,Default,Default,Default,Default,Default,Default,Default,DefaultJob,,1,Overhead,Actual,15,5827300,4194304,1.39,0,0,0,0
SerializationBenchmark.Serialize_JsonSerializer,KeyValueStore.Benchmarks,SerializationBenchmark,Serialize_JsonSerializer,DefaultJob,Default,Default,Default,Default,Default,Default,Default,Default,Default,Default,Default,Default,Default,Default,Default,Default,Default,Default,Default,Default,Default,Default,Default,Default,Default,Default,Default,Default,Default,Default,Default,Default,Default,Default,Default,Default,Default,Default,Default,Default,Default,Default,DefaultJob,,1,Workload,Warmup,1,508539600,4194304,121.25,0,0,0,0
SerializationBenchmark.Serialize_JsonSerializer,KeyValueStore.Benchmarks,SerializationBenchmark,Serialize_JsonSerializer,DefaultJob,Default,Default,Default,Default,Default,Default,Default,Default,Default,Default,Default,Default,Default,Default,Default,Default,Default,Default,Default,Default,Default,Default,Default,Default,Default,Default,Default,Default,Default,Default,Default,Default,Default,Default,Default,Default,Default,Default,Default,Default,Default,Default,DefaultJob,,1,Workload,Warmup,2,489394900,4194304,116.68,0,0,0,0
SerializationBenchmark.Serialize_JsonSerializer,KeyValueStore.Benchmarks,SerializationBenchmark,Serialize_JsonSerializer,DefaultJob,Default,Default,Default,Default,Default,Default,Default,Default,Default,Default,Default,Default,Default,Default,Default,Default,Default,Default,Default,Default,Default,Default,Default,Default,Default,Default,Default,Default,Default,Default,Default,Default,Default,Default,Default,Default,Default,Default,Default,Default,Default,Default,DefaultJob,,1,Workload,Warmup,3,493334900,4194304,117.62,0,0,0,0
SerializationBenchmark.Serialize_JsonSerializer,KeyValueStore.Benchmarks,SerializationBenchmark,Serialize_JsonSerializer,DefaultJob,Default,Default,Default,Default,Default,Default,Default,Default,Default,Default,Default,Default,Default,Default,Default,Default,Default,Default,Default,Default,Default,Default,Default,Default,Default,Default,Default,Default,Default,Default,Default,Default,Default,Default,Default,Default,Default,Default,Default,Default,Default,Default,DefaultJob,,1,Workload,Warmup,4,483449600,4194304,115.26,0,0,0,0
SerializationBenchmark.Serialize_JsonSerializer,KeyValueStore.Benchmarks,SerializationBenchmark,Serialize_JsonSerializer,DefaultJob,Default,Default,Default,Default,Default,Default,Default,Default,Default,Default,Default,Default,Default,Default,Default,Default,Default,Default,Default,Default,Default,Default,Default,Default,Default,Default,Default,Default,Default,Default,Default,Default,Default,Default,Default,Default,Default,Default,Default,Default,Default,Default,DefaultJob,,1,Workload,Warmup,5,512441800,4194304,122.18,0,0,0,0
SerializationBenchmark.Serialize_JsonSerializer,KeyValueStore.Benchmarks,SerializationBenchmark,Serialize_JsonSerializer,DefaultJob,Default,Default,Default,Default,Default,Default,Default,Default,Default,Default,Default,Default,Default,Default,Default,Default,Default,Default,Default,Default,Default,Default,Default,Default,Default,Default,Default,Default,Default,Default,Default,Default,Default,Default,Default,Default,Default,Default,Default,Default,Default,Default,DefaultJob,,1,Workload,Warmup,6,491965100,4194304,117.29,0,0,0,0
SerializationBenchmark.Serialize_JsonSerializer,KeyValueStore.Benchmarks,SerializationBenchmark,Serialize_JsonSerializer,DefaultJob,Default,Default,Default,Default,Default,Default,Default,Default,Default,Default,Default,Default,Default,Default,Default,Default,Default,Default,Default,Default,Default,Default,Default,Default,Default,Default,Default,Default,Default,Default,Default,Default,Default,Default,Default,Default,Default,Default,Default,Default,Default,Default,DefaultJob,,1,Workload,Actual,1,477814400,4194304,113.92,0,0,0,0
SerializationBenchmark.Serialize_JsonSerializer,KeyValueStore.Benchmarks,SerializationBenchmark,Serialize_JsonSerializer,DefaultJob,Default,Default,Default,Default,Default,Default,Default,Default,Default,Default,Default,Default,Default,Default,Default,Default,Default,Default,Default,Default,Default,Default,Default,Default,Default,Default,Default,Default,Default,Default,Default,Default,Default,Default,Default,Default,Default,Default,Default,Default,Default,Default,DefaultJob,,1,Workload,Actual,2,480072200,4194304,114.46,0,0,0,0
SerializationBenchmark.Serialize_JsonSerializer,KeyValueStore.Benchmarks,SerializationBenchmark,Serialize_JsonSerializer,DefaultJob,Default,Default,Default,Default,Default,Default,Default,Default,Default,Default,Default,Default,Default,Default,Default,Default,Default,Default,Default,Default,Default,Default,Default,Default,Default,Default,Default,Default,Default,Default,Default,Default,Default,Default,Default,Default,Default,Default,Default,Default,Default,Default,DefaultJob,,1,Workload,Actual,3,489651600,4194304,116.74,0,0,0,0
SerializationBenchmark.Serialize_JsonSerializer,KeyValueStore.Benchmarks,SerializationBenchmark,Serialize_JsonSerializer,DefaultJob,Default,Default,Default,Default,Default,Default,Default,Default,Default,Default,Default,Default,Default,Default,Default,Default,Default,Default,Default,Default,Default,Default,Default,Default,Default,Default,Default,Default,Default,Default,Default,Default,Default,Default,Default,Default,Default,Default,Default,Default,Default,Default,DefaultJob,,1,Workload,Actual,4,518779900,4194304,123.69,0,0,0,0
SerializationBenchmark.Serialize_JsonSerializer,KeyValueStore.Benchmarks,SerializationBenchmark,Serialize_JsonSerializer,DefaultJob,Default,Default,Default,Default,Default,Default,Default,Default,Default,Default,Default,Default,Default,Default,Default,Default,Default,Default,Default,Default,Default,Default,Default,Default,Default,Default,Default,Default,Default,Default,Default,Default,Default,Default,Default,Default,Default,Default,Default,Default,Default,Default,DefaultJob,,1,Workload,Actual,5,481326900,4194304,114.76,0,0,0,0
SerializationBenchmark.Serialize_JsonSerializer,KeyValueStore.Benchmarks,SerializationBenchmark,Serialize_JsonSerializer,DefaultJob,Default,Default,Default,Default,Default,Default,Default,Default,Default,Default,Default,Default,Default,Default,Default,Default,Default,Default,Default,Default,Default,Default,Default,Default,Default,Default,Default,Default,Default,Default,Default,Default,Default,Default,Default,Default,Default,Default,Default,Default,Default,Default,DefaultJob,,1,Workload,Actual,6,485796400,4194304,115.82,0,0,0,0
SerializationBenchmark.Serialize_JsonSerializer,KeyValueStore.Benchmarks,SerializationBenchmark,Serialize_JsonSerializer,DefaultJob,Default,Default,Default,Default,Default,Default,Default,Default,Default,Default,Default,Default,Default,Default,Default,Default,Default,Default,Default,Default,Default,Default,Default,Default,Default,Default,Default,Default,Default,Default,Default,Default,Default,Default,Default,Default,Default,Default,Default,Default,Default,Default,DefaultJob,,1,Workload,Actual,7,480533500,4194304,114.57,0,0,0,0
SerializationBenchmark.Serialize_JsonSerializer,KeyValueStore.Benchmarks,SerializationBenchmark,Serialize_JsonSerializer,DefaultJob,Default,Default,Default,Default,Default,Default,Default,Default,Default,Default,Default,Default,Default,Default,Default,Default,Default,Default,Default,Default,Default,Default,Default,Default,Default,Default,Default,Default,Default,Default,Default,Default,Default,Default,Default,Default,Default,Default,Default,Default,Default,Default,DefaultJob,,1,Workload,Actual,8,472493400,4194304,112.65,0,0,0,0
SerializationBenchmark.Serialize_JsonSerializer,KeyValueStore.Benchmarks,SerializationBenchmark,Serialize_JsonSerializer,DefaultJob,Default,Default,Default,Default,Default,Default,Default,Default,Default,Default,Default,Default,Default,Default,Default,Default,Default,Default,Default,Default,Default,Default,Default,Default,Default,Default,Default,Default,Default,Default,Default,Default,Default,Default,Default,Default,Default,Default,Default,Default,Default,Default,DefaultJob,,1,Workload,Actual,9,473388300,4194304,112.86,0,0,0,0
SerializationBenchmark.Serialize_JsonSerializer,KeyValueStore.Benchmarks,SerializationBenchmark,Serialize_JsonSerializer,DefaultJob,Default,Default,Default,Default,Default,Default,Default,Default,Default,Default,Default,Default,Default,Default,Default,Default,Default,Default,Default,Default,Default,Default,Default,Default,Default,Default,Default,Default,Default,Default,Default,Default,Default,Default,Default,Default,Default,Default,Default,Default,Default,Default,DefaultJob,,1,Workload,Actual,10,492127400,4194304,117.33,0,0,0,0
SerializationBenchmark.Serialize_JsonSerializer,KeyValueStore.Benchmarks,SerializationBenchmark,Serialize_JsonSerializer,DefaultJob,Default,Default,Default,Default,Default,Default,Default,Default,Default,Default,Default,Default,Default,Default,Default,Default,Default,Default,Default,Default,Default,Default,Default,Default,Default,Default,Default,Default,Default,Default,Default,Default,Default,Default,Default,Default,Default,Default,Default,Default,Default,Default,DefaultJob,,1,Workload,Actual,11,487829600,4194304,116.31,0,0,0,0
SerializationBenchmark.Serialize_JsonSerializer,KeyValueStore.Benchmarks,SerializationBenchmark,Serialize_JsonSerializer,DefaultJob,Default,Default,Default,Default,Default,Default,Default,Default,Default,Default,Default,Default,Default,Default,Default,Default,Default,Default,Default,Default,Default,Default,Default,Default,Default,Default,Default,Default,Default,Default,Default,Default,Default,Default,Default,Default,Default,Default,Default,Default,Default,Default,DefaultJob,,1,Workload,Actual,12,506425400,4194304,120.74,0,0,0,0
SerializationBenchmark.Serialize_JsonSerializer,KeyValueStore.Benchmarks,SerializationBenchmark,Serialize_JsonSerializer,DefaultJob,Default,Default,Default,Default,Default,Default,Default,Default,Default,Default,Default,Default,Default,Default,Default,Default,Default,Default,Default,Default,Default,Default,Default,Default,Default,Default,Default,Default,Default,Default,Default,Default,Default,Default,Default,Default,Default,Default,Default,Default,Default,Default,DefaultJob,,1,Workload,Actual,13,494027000,4194304,117.79,0,0,0,0
SerializationBenchmark.Serialize_JsonSerializer,KeyValueStore.Benchmarks,SerializationBenchmark,Serialize_JsonSerializer,DefaultJob,Default,Default,Default,Default,Default,Default,Default,Default,Default,Default,Default,Default,Default,Default,Default,Default,Default,Default,Default,Default,Default,Default,Default,Default,Default,Default,Default,Default,Default,Default,Default,Default,Default,Default,Default,Default,Default,Default,Default,Default,Default,Default,DefaultJob,,1,Workload,Actual,14,474591800,4194304,113.15,0,0,0,0
SerializationBenchmark.Serialize_JsonSerializer,KeyValueStore.Benchmarks,SerializationBenchmark,Serialize_JsonSerializer,DefaultJob,Default,Default,Default,Default,Default,Default,Default,Default,Default,Default,Default,Default,Default,Default,Default,Default,Default,Default,Default,Default,Default,Default,Default,Default,Default,Default,Default,Default,Default,Default,Default,Default,Default,Default,Default,Default,Default,Default,Default,Default,Default,Default,DefaultJob,,1,Workload,Actual,15,484888600,4194304,115.61,0,0,0,0
SerializationBenchmark.Serialize_JsonSerializer,KeyValueStore.Benchmarks,SerializationBenchmark,Serialize_JsonSerializer,DefaultJob,Default,Default,Default,Default,Default,Default,Default,Default,Default,Default,Default,Default,Default,Default,Default,Default,Default,Default,Default,Default,Default,Default,Default,Default,Default,Default,Default,Default,Default,Default,Default,Default,Default,Default,Default,Default,Default,Default,Default,Default,Default,Default,DefaultJob,,1,Workload,Actual,16,492240800,4194304,117.36,0,0,0,0
SerializationBenchmark.Serialize_JsonSerializer,KeyValueStore.Benchmarks,SerializationBenchmark,Serialize_JsonSerializer,DefaultJob,Default,Default,Default,Default,Default,Default,Default,Default,Default,Default,Default,Default,Default,Default,Default,Default,Default,Default,Default,Default,Default,Default,Default,Default,Default,Default,Default,Default,Default,Default,Default,Default,Default,Default,Default,Default,Default,Default,Default,Default,Default,Default,DefaultJob,,1,Workload,Actual,17,486714900,4194304,116.04,0,0,0,0
SerializationBenchmark.Serialize_JsonSerializer,KeyValueStore.Benchmarks,SerializationBenchmark,Serialize_JsonSerializer,DefaultJob,Default,Default,Default,Default,Default,Default,Default,Default,Default,Default,Default,Default,Default,Default,Default,Default,Default,Default,Default,Default,Default,Default,Default,Default,Default,Default,Default,Default,Default,Default,Default,Default,Default,Default,Default,Default,Default,Default,Default,Default,Default,Default,DefaultJob,,1,Workload,Result,1,471869200,4194304,112.5,0,0,0,0
SerializationBenchmark.Serialize_JsonSerializer,KeyValueStore.Benchmarks,SerializationBenchmark,Serialize_JsonSerializer,DefaultJob,Default,Default,Default,Default,Default,Default,Default,Default,Default,Default,Default,Default,Default,Default,Default,Default,Default,Default,Default,Default,Default,Default,Default,Default,Default,Default,Default,Default,Default,Default,Default,Default,Default,Default,Default,Default,Default,Default,Default,Default,Default,Default,DefaultJob,,1,Workload,Result,2,474127000,4194304,113.04,0,0,0,0
SerializationBenchmark.Serialize_JsonSerializer,KeyValueStore.Benchmarks,SerializationBenchmark,Serialize_JsonSerializer,DefaultJob,Default,Default,Default,Default,Default,Default,Default,Default,Default,Default,Default,Default,Default,Default,Default,Default,Default,Default,Default,Default,Default,Default,Default,Default,Default,Default,Default,Default,Default,Default,Default,Default,Default,Default,Default,Default,Default,Default,Default,Default,Default,Default,DefaultJob,,1,Workload,Result,3,483706400,4194304,115.32,0,0,0,0
SerializationBenchmark.Serialize_JsonSerializer,KeyValueStore.Benchmarks,SerializationBenchmark,Serialize_JsonSerializer,DefaultJob,Default,Default,Default,Default,Default,Default,Default,Default,Default,Default,Default,Default,Default,Default,Default,Default,Default,Default,Default,Default,Default,Default,Default,Default,Default,Default,Default,Default,Default,Default,Default,Default,Default,Default,Default,Default,Default,Default,Default,Default,Default,Default,DefaultJob,,1,Workload,Result,4,475381700,4194304,113.34,0,0,0,0
SerializationBenchmark.Serialize_JsonSerializer,KeyValueStore.Benchmarks,SerializationBenchmark,Serialize_JsonSerializer,DefaultJob,Default,Default,Default,Default,Default,Default,Default,Default,Default,Default,Default,Default,Default,Default,Default,Default,Default,Default,Default,Default,Default,Default,Default,Default,Default,Default,Default,Default,Default,Default,Default,Default,Default,Default,Default,Default,Default,Default,Default,Default,Default,Default,DefaultJob,,1,Workload,Result,5,479851200,4194304,114.41,0,0,0,0
SerializationBenchmark.Serialize_JsonSerializer,KeyValueStore.Benchmarks,SerializationBenchmark,Serialize_JsonSerializer,DefaultJob,Default,Default,Default,Default,Default,Default,Default,Default,Default,Default,Default,Default,Default,Default,Default,Default,Default,Default,Default,Default,Default,Default,Default,Default,Default,Default,Default,Default,Default,Default,Default,Default,Default,Default,Default,Default,Default,Default,Default,Default,Default,Default,DefaultJob,,1,Workload,Result,6,474588300,4194304,113.15,0,0,0,0
SerializationBenchmark.Serialize_JsonSerializer,KeyValueStore.Benchmarks,SerializationBenchmark,Serialize_JsonSerializer,DefaultJob,Default,Default,Default,Default,Default,Default,Default,Default,Default,Default,Default,Default,Default,Default,Default,Default,Default,Default,Default,Default,Default,Default,Default,Default,Default,Default,Default,Default,Default,Default,Default,Default,Default,Default,Default,Default,Default,Default,Default,Default,Default,Default,DefaultJob,,1,Workload,Result,7,466548200,4194304,111.23,0,0,0,0
SerializationBenchmark.Serialize_JsonSerializer,KeyValueStore.Benchmarks,SerializationBenchmark,Serialize_JsonSerializer,DefaultJob,Default,Default,Default,Default,Default,Default,Default,Default,Default,Default,Default,Default,Default,Default,Default,Default,Default,Default,Default,Default,Default,Default,Default,Default,Default,Default,Default,Default,Default,Default,Default,Default,Default,Default,Default,Default,Default,Default,Default,Default,Default,Default,DefaultJob,,1,Workload,Result,8,467443100,4194304,111.45,0,0,0,0
SerializationBenchmark.Serialize_JsonSerializer,KeyValueStore.Benchmarks,SerializationBenchmark,Serialize_JsonSerializer,DefaultJob,Default,Default,Default,Default,Default,Default,Default,Default,Default,Default,Default,Default,Default,Default,Default,Default,Default,Default,Default,Default,Default,Default,Default,Default,Default,Default,Default,Default,Default,Default,Default,Default,Default,Default,Default,Default,Default,Default,Default,Default,Default,Default,DefaultJob,,1,Workload,Result,9,486182200,4194304,115.91,0,0,0,0
SerializationBenchmark.Serialize_JsonSerializer,KeyValueStore.Benchmarks,SerializationBenchmark,Serialize_JsonSerializer,DefaultJob,Default,Default,Default,Default,Default,Default,Default,Default,Default,Default,Default,Default,Default,Default,Default,Default,Default,Default,Default,Default,Default,Default,Default,Default,Default,Default,Default,Default,Default,Default,Default,Default,Default,Default,Default,Default,Default,Default,Default,Default,Default,Default,DefaultJob,,1,Workload,Result,10,481884400,4194304,114.89,0,0,0,0
SerializationBenchmark.Serialize_JsonSerializer,KeyValueStore.Benchmarks,SerializationBenchmark,Serialize_JsonSerializer,DefaultJob,Default,Default,Default,Default,Default,Default,Default,Default,Default,Default,Default,Default,Default,Default,Default,Default,Default,Default,Default,Default,Default,Default,Default,Default,Default,Default,Default,Default,Default,Default,Default,Default,Default,Default,Default,Default,Default,Default,Default,Default,Default,Default,DefaultJob,,1,Workload,Result,11,500480200,4194304,119.32,0,0,0,0
SerializationBenchmark.Serialize_JsonSerializer,KeyValueStore.Benchmarks,SerializationBenchmark,Serialize_JsonSerializer,DefaultJob,Default,Default,Default,Default,Default,Default,Default,Default,Default,Default,Default,Default,Default,Default,Default,Default,Default,Default,Default,Default,Default,Default,Default,Default,Default,Default,Default,Default,Default,Default,Default,Default,Default,Default,Default,Default,Default,Default,Default,Default,Default,Default,DefaultJob,,1,Workload,Result,12,488081800,4194304,116.37,0,0,0,0
SerializationBenchmark.Serialize_JsonSerializer,KeyValueStore.Benchmarks,SerializationBenchmark,Serialize_JsonSerializer,DefaultJob,Default,Default,Default,Default,Default,Default,Default,Default,Default,Default,Default,Default,Default,Default,Default,Default,Default,Default,Default,Default,Default,Default,Default,Default,Default,Default,Default,Default,Default,Default,Default,Default,Default,Default,Default,Default,Default,Default,Default,Default,Default,Default,DefaultJob,,1,Workload,Result,13,468646600,4194304,111.73,0,0,0,0
SerializationBenchmark.Serialize_JsonSerializer,KeyValueStore.Benchmarks,SerializationBenchmark,Serialize_JsonSerializer,DefaultJob,Default,Default,Default,Default,Default,Default,Default,Default,Default,Default,Default,Default,Default,Default,Default,Default,Default,Default,Default,Default,Default,Default,Default,Default,Default,Default,Default,Default,Default,Default,Default,Default,Default,Default,Default,Default,Default,Default,Default,Default,Default,Default,DefaultJob,,1,Workload,Result,14,478943400,4194304,114.19,0,0,0,0
SerializationBenchmark.Serialize_JsonSerializer,KeyValueStore.Benchmarks,SerializationBenchmark,Serialize_JsonSerializer,DefaultJob,Default,Default,Default,Default,Default,Default,Default,Default,Default,Default,Default,Default,Default,Default,Default,Default,Default,Default,Default,Default,Default,Default,Default,Default,Default,Default,Default,Default,Default,Default,Default,Default,Default,Default,Default,Default,Default,Default,Default,Default,Default,Default,DefaultJob,,1,Workload,Result,15,486295600,4194304,115.94,0,0,0,0
SerializationBenchmark.Serialize_JsonSerializer,KeyValueStore.Benchmarks,SerializationBenchmark,Serialize_JsonSerializer,DefaultJob,Default,Default,Default,Default,Default,Default,Default,Default,Default,Default,Default,Default,Default,Default,Default,Default,Default,Default,Default,Default,Default,Default,Default,Default,Default,Default,Default,Default,Default,Default,Default,Default,Default,Default,Default,Default,Default,Default,Default,Default,Default,Default,DefaultJob,,1,Workload,Result,16,480769700,4194304,114.62,0,0,0,0
SerializationBenchmark.Serialize_BinaryGenerated,KeyValueStore.Benchmarks,SerializationBenchmark,Serialize_BinaryGenerated,DefaultJob,Default,Default,Default,Default,Default,Default,Default,Default,Default,Default,Default,Default,Default,Default,Default,Default,Default,Default,Default,Default,Default,Default,Default,Default,Default,Default,Default,Default,Default,Default,Default,Default,Default,Default,Default,Default,Default,Default,Default,Default,Default,Default,DefaultJob,,1,Overhead,Jitting,1,102800,1,102800,304,0,0,152
SerializationBenchmark.Serialize_BinaryGenerated,KeyValueStore.Benchmarks,SerializationBenchmark,Serialize_BinaryGenerated,DefaultJob,Default,Default,Default,Default,Default,Default,Default,Default,Default,Default,Default,Default,Default,Default,Default,Default,Default,Default,Default,Default,Default,Default,Default,Default,Default,Default,Default,Default,Default,Default,Default,Default,Default,Default,Default,Default,Default,Default,Default,Default,Default,Default,DefaultJob,,1,Workload,Jitting,1,453000,1,453000,304,0,0,152
SerializationBenchmark.Serialize_BinaryGenerated,KeyValueStore.Benchmarks,SerializationBenchmark,Serialize_BinaryGenerated,DefaultJob,Default,Default,Default,Default,Default,Default,Default,Default,Default,Default,Default,Default,Default,Default,Default,Default,Default,Default,Default,Default,Default,Default,Default,Default,Default,Default,Default,Default,Default,Default,Default,Default,Default,Default,Default,Default,Default,Default,Default,Default,Default,Default,DefaultJob,,1,Overhead,Jitting,2,126700,16,7918.75,304,0,0,152
SerializationBenchmark.Serialize_BinaryGenerated,KeyValueStore.Benchmarks,SerializationBenchmark,Serialize_BinaryGenerated,DefaultJob,Default,Default,Default,Default,Default,Default,Default,Default,Default,Default,Default,Default,Default,Default,Default,Default,Default,Default,Default,Default,Default,Default,Default,Default,Default,Default,Default,Default,Default,Default,Default,Default,Default,Default,Default,Default,Default,Default,Default,Default,Default,Default,DefaultJob,,1,Workload,Jitting,2,126000,16,7875,304,0,0,152
SerializationBenchmark.Serialize_BinaryGenerated,KeyValueStore.Benchmarks,SerializationBenchmark,Serialize_BinaryGenerated,DefaultJob,Default,Default,Default,Default,Default,Default,Default,Default,Default,Default,Default,Default,Default,Default,Default,Default,Default,Default,Default,Default,Default,Default,Default,Default,Default,Default,Default,Default,Default,Default,Default,Default,Default,Default,Default,Default,Default,Default,Default,Default,Default,Default,DefaultJob,,1,Workload,Pilot,1,2900,16,181.25,304,0,0,152
SerializationBenchmark.Serialize_BinaryGenerated,KeyValueStore.Benchmarks,SerializationBenchmark,Serialize_BinaryGenerated,DefaultJob,Default,Default,Default,Default,Default,Default,Default,Default,Default,Default,Default,Default,Default,Default,Default,Default,Default,Default,Default,Default,Default,Default,Default,Default,Default,Default,Default,Default,Default,Default,Default,Default,Default,Default,Default,Default,Default,Default,Default,Default,Default,Default,DefaultJob,,1,Workload,Pilot,2,3800,32,118.75,304,0,0,152
SerializationBenchmark.Serialize_BinaryGenerated,KeyValueStore.Benchmarks,SerializationBenchmark,Serialize_BinaryGenerated,DefaultJob,Default,Default,Default,Default,Default,Default,Default,Default,Default,Default,Default,Default,Default,Default,Default,Default,Default,Default,Default,Default,Default,Default,Default,Default,Default,Default,Default,Default,Default,Default,Default,Default,Default,Default,Default,Default,Default,Default,Default,Default,Default,Default,DefaultJob,,1,Workload,Pilot,3,14600,64,228.13,304,0,0,152
SerializationBenchmark.Serialize_BinaryGenerated,KeyValueStore.Benchmarks,SerializationBenchmark,Serialize_BinaryGenerated,DefaultJob,Default,Default,Default,Default,Default,Default,Default,Default,Default,Default,Default,Default,Default,Default,Default,Default,Default,Default,Default,Default,Default,Default,Default,Default,Default,Default,Default,Default,Default,Default,Default,Default,Default,Default,Default,Default,Default,Default,Default,Default,Default,Default,DefaultJob,,1,Workload,Pilot,4,18600,128,145.31,304,0,0,152
SerializationBenchmark.Serialize_BinaryGenerated,KeyValueStore.Benchmarks,SerializationBenchmark,Serialize_BinaryGenerated,DefaultJob,Default,Default,Default,Default,Default,Default,Default,Default,Default,Default,Default,Default,Default,Default,Default,Default,Default,Default,Default,Default,Default,Default,Default,Default,Default,Default,Default,Default,Default,Default,Default,Default,Default,Default,Default,Default,Default,Default,Default,Default,Default,Default,DefaultJob,,1,Workload,Pilot,5,33700,256,131.64,304,0,0,152
SerializationBenchmark.Serialize_BinaryGenerated,KeyValueStore.Benchmarks,SerializationBenchmark,Serialize_BinaryGenerated,DefaultJob,Default,Default,Default,Default,Default,Default,Default,Default,Default,Default,Default,Default,Default,Default,Default,Default,Default,Default,Default,Default,Default,Default,Default,Default,Default,Default,Default,Default,Default,Default,Default,Default,Default,Default,Default,Default,Default,Default,Default,Default,Default,Default,DefaultJob,,1,Workload,Pilot,6,60900,512,118.95,304,0,0,152
SerializationBenchmark.Serialize_BinaryGenerated,KeyValueStore.Benchmarks,SerializationBenchmark,Serialize_BinaryGenerated,DefaultJob,Default,Default,Default,Default,Default,Default,Default,Default,Default,Default,Default,Default,Default,Default,Default,Default,Default,Default,Default,Default,Default,Default,Default,Default,Default,Default,Default,Default,Default,Default,Default,Default,Default,Default,Default,Default,Default,Default,Default,Default,Default,Default,DefaultJob,,1,Workload,Pilot,7,95600,1024,93.36,304,0,0,152
SerializationBenchmark.Serialize_BinaryGenerated,KeyValueStore.Benchmarks,SerializationBenchmark,Serialize_BinaryGenerated,DefaultJob,Default,Default,Default,Default,Default,Default,Default,Default,Default,Default,Default,Default,Default,Default,Default,Default,Default,Default,Default,Default,Default,Default,Default,Default,Default,Default,Default,Default,Default,Default,Default,Default,Default,Default,Default,Default,Default,Default,Default,Default,Default,Default,DefaultJob,,1,Workload,Pilot,8,259300,2048,126.61,304,0,0,152
SerializationBenchmark.Serialize_BinaryGenerated,KeyValueStore.Benchmarks,SerializationBenchmark,Serialize_BinaryGenerated,DefaultJob,Default,Default,Default,Default,Default,Default,Default,Default,Default,Default,Default,Default,Default,Default,Default,Default,Default,Default,Default,Default,Default,Default,Default,Default,Default,Default,Default,Default,Default,Default,Default,Default,Default,Default,Default,Default,Default,Default,Default,Default,Default,Default,DefaultJob,,1,Workload,Pilot,9,346200,4096,84.52,304,0,0,152
SerializationBenchmark.Serialize_BinaryGenerated,KeyValueStore.Benchmarks,SerializationBenchmark,Serialize_BinaryGenerated,DefaultJob,Default,Default,Default,Default,Default,Default,Default,Default,Default,Default,Default,Default,Default,Default,Default,Default,Default,Default,Default,Default,Default,Default,Default,Default,Default,Default,Default,Default,Default,Default,Default,Default,Default,Default,Default,Default,Default,Default,Default,Default,Default,Default,DefaultJob,,1,Workload,Pilot,10,691300,8192,84.39,304,0,0,152
SerializationBenchmark.Serialize_BinaryGenerated,KeyValueStore.Benchmarks,SerializationBenchmark,Serialize_BinaryGenerated,DefaultJob,Default,Default,Default,Default,Default,Default,Default,Default,Default,Default,Default,Default,Default,Default,Default,Default,Default,Default,Default,Default,Default,Default,Default,Default,Default,Default,Default,Default,Default,Default,Default,Default,Default,Default,Default,Default,Default,Default,Default,Default,Default,Default,DefaultJob,,1,Workload,Pilot,11,1495500,16384,91.28,304,0,0,152
SerializationBenchmark.Serialize_BinaryGenerated,KeyValueStore.Benchmarks,SerializationBenchmark,Serialize_BinaryGenerated,DefaultJob,Default,Default,Default,Default,Default,Default,Default,Default,Default,Default,Default,Default,Default,Default,Default,Default,Default,Default,Default,Default,Default,Default,Default,Default,Default,Default,Default,Default,Default,Default,Default,Default,Default,Default,Default,Default,Default,Default,Default,Default,Default,Default,DefaultJob,,1,Workload,Pilot,12,3348800,32768,102.2,304,0,0,152
SerializationBenchmark.Serialize_BinaryGenerated,KeyValueStore.Benchmarks,SerializationBenchmark,Serialize_BinaryGenerated,DefaultJob,Default,Default,Default,Default,Default,Default,Default,Default,Default,Default,Default,Default,Default,Default,Default,Default,Default,Default,Default,Default,Default,Default,Default,Default,Default,Default,Default,Default,Default,Default,Default,Default,Default,Default,Default,Default,Default,Default,Default,Default,Default,Default,DefaultJob,,1,Workload,Pilot,13,5551700,65536,84.71,304,0,0,152
SerializationBenchmark.Serialize_BinaryGenerated,KeyValueStore.Benchmarks,SerializationBenchmark,Serialize_BinaryGenerated,DefaultJob,Default,Default,Default,Default,Default,Default,Default,Default,Default,Default,Default,Default,Default,Default,Default,Default,Default,Default,Default,Default,Default,Default,Default,Default,Default,Default,Default,Default,Default,Default,Default,Default,Default,Default,Default,Default,Default,Default,Default,Default,Default,Default,DefaultJob,,1,Workload,Pilot,14,11115300,131072,84.8,304,0,0,152
SerializationBenchmark.Serialize_BinaryGenerated,KeyValueStore.Benchmarks,SerializationBenchmark,Serialize_BinaryGenerated,DefaultJob,Default,Default,Default,Default,Default,Default,Default,Default,Default,Default,Default,Default,Default,Default,Default,Default,Default,Default,Default,Default,Default,Default,Default,Default,Default,Default,Default,Default,Default,Default,Default,Default,Default,Default,Default,Default,Default,Default,Default,Default,Default,Default,DefaultJob,,1,Workload,Pilot,15,21706000,262144,82.8,304,0,0,152
SerializationBenchmark.Serialize_BinaryGenerated,KeyValueStore.Benchmarks,SerializationBenchmark,Serialize_BinaryGenerated,DefaultJob,Default,Default,Default,Default,Default,Default,Default,Default,Default,Default,Default,Default,Default,Default,Default,Default,Default,Default,Default,Default,Default,Default,Default,Default,Default,Default,Default,Default,Default,Default,Default,Default,Default,Default,Default,Default,Default,Default,Default,Default,Default,Default,DefaultJob,,1,Workload,Pilot,16,35519600,524288,67.75,304,0,0,152
SerializationBenchmark.Serialize_BinaryGenerated,KeyValueStore.Benchmarks,SerializationBenchmark,Serialize_BinaryGenerated,DefaultJob,Default,Default,Default,Default,Default,Default,Default,Default,Default,Default,Default,Default,Default,Default,Default,Default,Default,Default,Default,Default,Default,Default,Default,Default,Default,Default,Default,Default,Default,Default,Default,Default,Default,Default,Default,Default,Default,Default,Default,Default,Default,Default,DefaultJob,,1,Workload,Pilot,17,80263200,1048576,76.54,304,0,0,152
SerializationBenchmark.Serialize_BinaryGenerated,KeyValueStore.Benchmarks,SerializationBenchmark,Serialize_BinaryGenerated,DefaultJob,Default,Default,Default,Default,Default,Default,Default,Default,Default,Default,Default,Default,Default,Default,Default,Default,Default,Default,Default,Default,Default,Default,Default,Default,Default,Default,Default,Default,Default,Default,Default,Default,Default,Default,Default,Default,Default,Default,Default,Default,Default,Default,DefaultJob,,1,Workload,Pilot,18,125017200,2097152,59.61,304,0,0,152
SerializationBenchmark.Serialize_BinaryGenerated,KeyValueStore.Benchmarks,SerializationBenchmark,Serialize_BinaryGenerated,DefaultJob,Default,Default,Default,Default,Default,Default,Default,Default,Default,Default,Default,Default,Default,Default,Default,Default,Default,Default,Default,Default,Default,Default,Default,Default,Default,Default,Default,Default,Default,Default,Default,Default,Default,Default,Default,Default,Default,Default,Default,Default,Default,Default,DefaultJob,,1,Workload,Pilot,19,96938000,4194304,23.11,304,0,0,152
SerializationBenchmark.Serialize_BinaryGenerated,KeyValueStore.Benchmarks,SerializationBenchmark,Serialize_BinaryGenerated,DefaultJob,Default,Default,Default,Default,Default,Default,Default,Default,Default,Default,Default,Default,Default,Default,Default,Default,Default,Default,Default,Default,Default,Default,Default,Default,Default,Default,Default,Default,Default,Default,Default,Default,Default,Default,Default,Default,Default,Default,Default,Default,Default,Default,DefaultJob,,1,Workload,Pilot,20,189073300,8388608,22.54,304,0,0,152
SerializationBenchmark.Serialize_BinaryGenerated,KeyValueStore.Benchmarks,SerializationBenchmark,Serialize_BinaryGenerated,DefaultJob,Default,Default,Default,Default,Default,Default,Default,Default,Default,Default,Default,Default,Default,Default,Default,Default,Default,Default,Default,Default,Default,Default,Default,Default,Default,Default,Default,Default,Default,Default,Default,Default,Default,Default,Default,Default,Default,Default,Default,Default,Default,Default,DefaultJob,,1,Workload,Pilot,21,396667900,16777216,23.64,304,0,0,152
SerializationBenchmark.Serialize_BinaryGenerated,KeyValueStore.Benchmarks,SerializationBenchmark,Serialize_BinaryGenerated,DefaultJob,Default,Default,Default,Default,Default,Default,Default,Default,Default,Default,Default,Default,Default,Default,Default,Default,Default,Default,Default,Default,Default,Default,Default,Default,Default,Default,Default,Default,Default,Default,Default,Default,Default,Default,Default,Default,Default,Default,Default,Default,Default,Default,DefaultJob,,1,Workload,Pilot,22,739040900,33554432,22.03,304,0,0,152
SerializationBenchmark.Serialize_BinaryGenerated,KeyValueStore.Benchmarks,SerializationBenchmark,Serialize_BinaryGenerated,DefaultJob,Default,Default,Default,Default,Default,Default,Default,Default,Default,Default,Default,Default,Default,Default,Default,Default,Default,Default,Default,Default,Default,Default,Default,Default,Default,Default,Default,Default,Default,Default,Default,Default,Default,Default,Default,Default,Default,Default,Default,Default,Default,Default,DefaultJob,,1,Overhead,Warmup,1,48049700,33554432,1.43,304,0,0,152
SerializationBenchmark.Serialize_BinaryGenerated,KeyValueStore.Benchmarks,SerializationBenchmark,Serialize_BinaryGenerated,DefaultJob,Default,Default,Default,Default,Default,Default,Default,Default,Default,Default,Default,Default,Default,Default,Default,Default,Default,Default,Default,Default,Default,Default,Default,Default,Default,Default,Default,Default,Default,Default,Default,Default,Default,Default,Default,Default,Default,Default,Default,Default,Default,Default,DefaultJob,,1,Overhead,Warmup,2,49533200,33554432,1.48,304,0,0,152
SerializationBenchmark.Serialize_BinaryGenerated,KeyValueStore.Benchmarks,SerializationBenchmark,Serialize_BinaryGenerated,DefaultJob,Default,Default,Default,Default,Default,Default,Default,Default,Default,Default,Default,Default,Default,Default,Default,Default,Default,Default,Default,Default,Default,Default,Default,Default,Default,Default,Default,Default,Default,Default,Default,Default,Default,Default,Default,Default,Default,Default,Default,Default,Default,Default,DefaultJob,,1,Overhead,Warmup,3,50350900,33554432,1.5,304,0,0,152
SerializationBenchmark.Serialize_BinaryGenerated,KeyValueStore.Benchmarks,SerializationBenchmark,Serialize_BinaryGenerated,DefaultJob,Default,Default,Default,Default,Default,Default,Default,Default,Default,Default,Default,Default,Default,Default,Default,Default,Default,Default,Default,Default,Default,Default,Default,Default,Default,Default,Default,Default,Default,Default,Default,Default,Default,Default,Default,Default,Default,Default,Default,Default,Default,Default,DefaultJob,,1,Overhead,Warmup,4,50990800,33554432,1.52,304,0,0,152
SerializationBenchmark.Serialize_BinaryGenerated,KeyValueStore.Benchmarks,SerializationBenchmark,Serialize_BinaryGenerated,DefaultJob,Default,Default,Default,Default,Default,Default,Default,Default,Default,Default,Default,Default,Default,Default,Default,Default,Default,Default,Default,Default,Default,Default,Default,Default,Default,Default,Default,Default,Default,Default,Default,Default,Default,Default,Default,Default,Default,Default,Default,Default,Default,Default,DefaultJob,,1,Overhead,Warmup,5,47609300,33554432,1.42,304,0,0,152
SerializationBenchmark.Serialize_BinaryGenerated,KeyValueStore.Benchmarks,SerializationBenchmark,Serialize_BinaryGenerated,DefaultJob,Default,Default,Default,Default,Default,Default,Default,Default,Default,Default,Default,Default,Default,Default,Default,Default,Default,Default,Default,Default,Default,Default,Default,Default,Default,Default,Default,Default,Default,Default,Default,Default,Default,Default,Default,Default,Default,Default,Default,Default,Default,Default,DefaultJob,,1,Overhead,Warmup,6,47214600,33554432,1.41,304,0,0,152
SerializationBenchmark.Serialize_BinaryGenerated,KeyValueStore.Benchmarks,SerializationBenchmark,Serialize_BinaryGenerated,DefaultJob,Default,Default,Default,Default,Default,Default,Default,Default,Default,Default,Default,Default,Default,Default,Default,Default,Default,Default,Default,Default,Default,Default,Default,Default,Default,Default,Default,Default,Default,Default,Default,Default,Default,Default,Default,Default,Default,Default,Default,Default,Default,Default,DefaultJob,,1,Overhead,Warmup,7,48761100,33554432,1.45,304,0,0,152
SerializationBenchmark.Serialize_BinaryGenerated,KeyValueStore.Benchmarks,SerializationBenchmark,Serialize_BinaryGenerated,DefaultJob,Default,Default,Default,Default,Default,Default,Default,Default,Default,Default,Default,Default,Default,Default,Default,Default,Default,Default,Default,Default,Default,Default,Default,Default,Default,Default,Default,Default,Default,Default,Default,Default,Default,Default,Default,Default,Default,Default,Default,Default,Default,Default,DefaultJob,,1,Overhead,Warmup,8,38143000,33554432,1.14,304,0,0,152
SerializationBenchmark.Serialize_BinaryGenerated,KeyValueStore.Benchmarks,SerializationBenchmark,Serialize_BinaryGenerated,DefaultJob,Default,Default,Default,Default,Default,Default,Default,Default,Default,Default,Default,Default,Default,Default,Default,Default,Default,Default,Default,Default,Default,Default,Default,Default,Default,Default,Default,Default,Default,Default,Default,Default,Default,Default,Default,Default,Default,Default,Default,Default,Default,Default,DefaultJob,,1,Overhead,Actual,1,36862900,33554432,1.1,304,0,0,152
SerializationBenchmark.Serialize_BinaryGenerated,KeyValueStore.Benchmarks,SerializationBenchmark,Serialize_BinaryGenerated,DefaultJob,Default,Default,Default,Default,Default,Default,Default,Default,Default,Default,Default,Default,Default,Default,Default,Default,Default,Default,Default,Default,Default,Default,Default,Default,Default,Default,Default,Default,Default,Default,Default,Default,Default,Default,Default,Default,Default,Default,Default,Default,Default,Default,DefaultJob,,1,Overhead,Actual,2,37296900,33554432,1.11,304,0,0,152
SerializationBenchmark.Serialize_BinaryGenerated,KeyValueStore.Benchmarks,SerializationBenchmark,Serialize_BinaryGenerated,DefaultJob,Default,Default,Default,Default,Default,Default,Default,Default,Default,Default,Default,Default,Default,Default,Default,Default,Default,Default,Default,Default,Default,Default,Default,Default,Default,Default,Default,Default,Default,Default,Default,Default,Default,Default,Default,Default,Default,Default,Default,Default,Default,Default,DefaultJob,,1,Overhead,Actual,3,38395000,33554432,1.14,304,0,0,152
SerializationBenchmark.Serialize_BinaryGenerated,KeyValueStore.Benchmarks,SerializationBenchmark,Serialize_BinaryGenerated,DefaultJob,Default,Default,Default,Default,Default,Default,Default,Default,Default,Default,Default,Default,Default,Default,Default,Default,Default,Default,Default,Default,Default,Default,Default,Default,Default,Default,Default,Default,Default,Default,Default,Default,Default,Default,Default,Default,Default,Default,Default,Default,Default,Default,DefaultJob,,1,Overhead,Actual,4,34826500,33554432,1.04,304,0,0,152
SerializationBenchmark.Serialize_BinaryGenerated,KeyValueStore.Benchmarks,SerializationBenchmark,Serialize_BinaryGenerated,DefaultJob,Default,Default,Default,Default,Default,Default,Default,Default,Default,Default,Default,Default,Default,Default,Default,Default,Default,Default,Default,Default,Default,Default,Default,Default,Default,Default,Default,Default,Default,Default,Default,Default,Default,Default,Default,Default,Default,Default,Default,Default,Default,Default,DefaultJob,,1,Overhead,Actual,5,33992500,33554432,1.01,304,0,0,152
SerializationBenchmark.Serialize_BinaryGenerated,KeyValueStore.Benchmarks,SerializationBenchmark,Serialize_BinaryGenerated,DefaultJob,Default,Default,Default,Default,Default,Default,Default,Default,Default,Default,Default,Default,Default,Default,Default,Default,Default,Default,Default,Default,Default,Default,Default,Default,Default,Default,Default,Default,Default,Default,Default,Default,Default,Default,Default,Default,Default,Default,Default,Default,Default,Default,DefaultJob,,1,Overhead,Actual,6,35625200,33554432,1.06,304,0,0,152
SerializationBenchmark.Serialize_BinaryGenerated,KeyValueStore.Benchmarks,SerializationBenchmark,Serialize_BinaryGenerated,DefaultJob,Default,Default,Default,Default,Default,Default,Default,Default,Default,Default,Default,Default,Default,Default,Default,Default,Default,Default,Default,Default,Default,Default,Default,Default,Default,Default,Default,Default,Default,Default,Default,Default,Default,Default,Default,Default,Default,Default,Default,Default,Default,Default,DefaultJob,,1,Overhead,Actual,7,34104800,33554432,1.02,304,0,0,152
SerializationBenchmark.Serialize_BinaryGenerated,KeyValueStore.Benchmarks,SerializationBenchmark,Serialize_BinaryGenerated,DefaultJob,Default,Default,Default,Default,Default,Default,Default,Default,Default,Default,Default,Default,Default,Default,Default,Default,Default,Default,Default,Default,Default,Default,Default,Default,Default,Default,Default,Default,Default,Default,Default,Default,Default,Default,Default,Default,Default,Default,Default,Default,Default,Default,DefaultJob,,1,Overhead,Actual,8,33863000,33554432,1.01,304,0,0,152
SerializationBenchmark.Serialize_BinaryGenerated,KeyValueStore.Benchmarks,SerializationBenchmark,Serialize_BinaryGenerated,DefaultJob,Default,Default,Default,Default,Default,Default,Default,Default,Default,Default,Default,Default,Default,Default,Default,Default,Default,Default,Default,Default,Default,Default,Default,Default,Default,Default,Default,Default,Default,Default,Default,Default,Default,Default,Default,Default,Default,Default,Default,Default,Default,Default,DefaultJob,,1,Overhead,Actual,9,34943200,33554432,1.04,304,0,0,152
SerializationBenchmark.Serialize_BinaryGenerated,KeyValueStore.Benchmarks,SerializationBenchmark,Serialize_BinaryGenerated,DefaultJob,Default,Default,Default,Default,Default,Default,Default,Default,Default,Default,Default,Default,Default,Default,Default,Default,Default,Default,Default,Default,Default,Default,Default,Default,Default,Default,Default,Default,Default,Default,Default,Default,Default,Default,Default,Default,Default,Default,Default,Default,Default,Default,DefaultJob,,1,Overhead,Actual,10,37417900,33554432,1.12,304,0,0,152
SerializationBenchmark.Serialize_BinaryGenerated,KeyValueStore.Benchmarks,SerializationBenchmark,Serialize_BinaryGenerated,DefaultJob,Default,Default,Default,Default,Default,Default,Default,Default,Default,Default,Default,Default,Default,Default,Default,Default,Default,Default,Default,Default,Default,Default,Default,Default,Default,Default,Default,Default,Default,Default,Default,Default,Default,Default,Default,Default,Default,Default,Default,Default,Default,Default,DefaultJob,,1,Overhead,Actual,11,35710800,33554432,1.06,304,0,0,152
SerializationBenchmark.Serialize_BinaryGenerated,KeyValueStore.Benchmarks,SerializationBenchmark,Serialize_BinaryGenerated,DefaultJob,Default,Default,Default,Default,Default,Default,Default,Default,Default,Default,Default,Default,Default,Default,Default,Default,Default,Default,Default,Default,Default,Default,Default,Default,Default,Default,Default,Default,Default,Default,Default,Default,Default,Default,Default,Default,Default,Default,Default,Default,Default,Default,DefaultJob,,1,Overhead,Actual,12,35193400,33554432,1.05,304,0,0,152
SerializationBenchmark.Serialize_BinaryGenerated,KeyValueStore.Benchmarks,SerializationBenchmark,Serialize_BinaryGenerated,DefaultJob,Default,Default,Default,Default,Default,Default,Default,Default,Default,Default,Default,Default,Default,Default,Default,Default,Default,Default,Default,Default,Default,Default,Default,Default,Default,Default,Default,Default,Default,Default,Default,Default,Default,Default,Default,Default,Default,Default,Default,Default,Default,Default,DefaultJob,,1,Overhead,Actual,13,35023100,33554432,1.04,304,0,0,152
SerializationBenchmark.Serialize_BinaryGenerated,KeyValueStore.Benchmarks,SerializationBenchmark,Serialize_BinaryGenerated,DefaultJob,Default,Default,Default,Default,Default,Default,Default,Default,Default,Default,Default,Default,Default,Default,Default,Default,Default,Default,Default,Default,Default,Default,Default,Default,Default,Default,Default,Default,Default,Default,Default,Default,Default,Default,Default,Default,Default,Default,Default,Default,Default,Default,DefaultJob,,1,Overhead,Actual,14,36750800,33554432,1.1,304,0,0,152
SerializationBenchmark.Serialize_BinaryGenerated,KeyValueStore.Benchmarks,SerializationBenchmark,Serialize_BinaryGenerated,DefaultJob,Default,Default,Default,Default,Default,Default,Default,Default,Default,Default,Default,Default,Default,Default,Default,Default,Default,Default,Default,Default,Default,Default,Default,Default,Default,Default,Default,Default,Default,Default,Default,Default,Default,Default,Default,Default,Default,Default,Default,Default,Default,Default,DefaultJob,,1,Overhead,Actual,15,39671900,33554432,1.18,304,0,0,152
SerializationBenchmark.Serialize_BinaryGenerated,KeyValueStore.Benchmarks,SerializationBenchmark,Serialize_BinaryGenerated,DefaultJob,Default,Default,Default,Default,Default,Default,Default,Default,Default,Default,Default,Default,Default,Default,Default,Default,Default,Default,Default,Default,Default,Default,Default,Default,Default,Default,Default,Default,Default,Default,Default,Default,Default,Default,Default,Default,Default,Default,Default,Default,Default,Default,DefaultJob,,1,Overhead,Actual,16,38277300,33554432,1.14,304,0,0,152
SerializationBenchmark.Serialize_BinaryGenerated,KeyValueStore.Benchmarks,SerializationBenchmark,Serialize_BinaryGenerated,DefaultJob,Default,Default,Default,Default,Default,Default,Default,Default,Default,Default,Default,Default,Default,Default,Default,Default,Default,Default,Default,Default,Default,Default,Default,Default,Default,Default,Default,Default,Default,Default,Default,Default,Default,Default,Default,Default,Default,Default,Default,Default,Default,Default,DefaultJob,,1,Workload,Warmup,1,824876700,33554432,24.58,304,0,0,152
SerializationBenchmark.Serialize_BinaryGenerated,KeyValueStore.Benchmarks,SerializationBenchmark,Serialize_BinaryGenerated,DefaultJob,Default,Default,Default,Default,Default,Default,Default,Default,Default,Default,Default,Default,Default,Default,Default,Default,Default,Default,Default,Default,Default,Default,Default,Default,Default,Default,Default,Default,Default,Default,Default,Default,Default,Default,Default,Default,Default,Default,Default,Default,Default,Default,DefaultJob,,1,Workload,Warmup,2,792532900,33554432,23.62,304,0,0,152
SerializationBenchmark.Serialize_BinaryGenerated,KeyValueStore.Benchmarks,SerializationBenchmark,Serialize_BinaryGenerated,DefaultJob,Default,Default,Default,Default,Default,Default,Default,Default,Default,Default,Default,Default,Default,Default,Default,Default,Default,Default,Default,Default,Default,Default,Default,Default,Default,Default,Default,Default,Default,Default,Default,Default,Default,Default,Default,Default,Default,Default,Default,Default,Default,Default,DefaultJob,,1,Workload,Warmup,3,791716400,33554432,23.59,304,0,0,152
SerializationBenchmark.Serialize_BinaryGenerated,KeyValueStore.Benchmarks,SerializationBenchmark,Serialize_BinaryGenerated,DefaultJob,Default,Default,Default,Default,Default,Default,Default,Default,Default,Default,Default,Default,Default,Default,Default,Default,Default,Default,Default,Default,Default,Default,Default,Default,Default,Default,Default,Default,Default,Default,Default,Default,Default,Default,Default,Default,Default,Default,Default,Default,Default,Default,DefaultJob,,1,Workload,Warmup,4,766356500,33554432,22.84,304,0,0,152
SerializationBenchmark.Serialize_BinaryGenerated,KeyValueStore.Benchmarks,SerializationBenchmark,Serialize_BinaryGenerated,DefaultJob,Default,Default,Default,Default,Default,Default,Default,Default,Default,Default,Default,Default,Default,Default,Default,Default,Default,Default,Default,Default,Default,Default,Default,Default,Default,Default,Default,Default,Default,Default,Default,Default,Default,Default,Default,Default,Default,Default,Default,Default,Default,Default,DefaultJob,,1,Workload,Warmup,5,747036300,33554432,22.26,304,0,0,152
SerializationBenchmark.Serialize_BinaryGenerated,KeyValueStore.Benchmarks,SerializationBenchmark,Serialize_BinaryGenerated,DefaultJob,Default,Default,Default,Default,Default,Default,Default,Default,Default,Default,Default,Default,Default,Default,Default,Default,Default,Default,Default,Default,Default,Default,Default,Default,Default,Default,Default,Default,Default,Default,Default,Default,Default,Default,Default,Default,Default,Default,Default,Default,Default,Default,DefaultJob,,1,Workload,Warmup,6,752860800,33554432,22.44,304,0,0,152
SerializationBenchmark.Serialize_BinaryGenerated,KeyValueStore.Benchmarks,SerializationBenchmark,Serialize_BinaryGenerated,DefaultJob,Default,Default,Default,Default,Default,Default,Default,Default,Default,Default,Default,Default,Default,Default,Default,Default,Default,Default,Default,Default,Default,Default,Default,Default,Default,Default,Default,Default,Default,Default,Default,Default,Default,Default,Default,Default,Default,Default,Default,Default,Default,Default,DefaultJob,,1,Workload,Warmup,7,760315800,33554432,22.66,304,0,0,152
SerializationBenchmark.Serialize_BinaryGenerated,KeyValueStore.Benchmarks,SerializationBenchmark,Serialize_BinaryGenerated,DefaultJob,Default,Default,Default,Default,Default,Default,Default,Default,Default,Default,Default,Default,Default,Default,Default,Default,Default,Default,Default,Default,Default,Default,Default,Default,Default,Default,Default,Default,Default,Default,Default,Default,Default,Default,Default,Default,Default,Default,Default,Default,Default,Default,DefaultJob,,1,Workload,Warmup,8,738673800,33554432,22.01,304,0,0,152
SerializationBenchmark.Serialize_BinaryGenerated,KeyValueStore.Benchmarks,SerializationBenchmark,Serialize_BinaryGenerated,DefaultJob,Default,Default,Default,Default,Default,Default,Default,Default,Default,Default,Default,Default,Default,Default,Default,Default,Default,Default,Default,Default,Default,Default,Default,Default,Default,Default,Default,Default,Default,Default,Default,Default,Default,Default,Default,Default,Default,Default,Default,Default,Default,Default,DefaultJob,,1,Workload,Warmup,9,735219400,33554432,21.91,304,0,0,152
SerializationBenchmark.Serialize_BinaryGenerated,KeyValueStore.Benchmarks,SerializationBenchmark,Serialize_BinaryGenerated,DefaultJob,Default,Default,Default,Default,Default,Default,Default,Default,Default,Default,Default,Default,Default,Default,Default,Default,Default,Default,Default,Default,Default,Default,Default,Default,Default,Default,Default,Default,Default,Default,Default,Default,Default,Default,Default,Default,Default,Default,Default,Default,Default,Default,DefaultJob,,1,Workload,Warmup,10,736816900,33554432,21.96,304,0,0,152
SerializationBenchmark.Serialize_BinaryGenerated,KeyValueStore.Benchmarks,SerializationBenchmark,Serialize_BinaryGenerated,DefaultJob,Default,Default,Default,Default,Default,Default,Default,Default,Default,Default,Default,Default,Default,Default,Default,Default,Default,Default,Default,Default,Default,Default,Default,Default,Default,Default,Default,Default,Default,Default,Default,Default,Default,Default,Default,Default,Default,Default,Default,Default,Default,Default,DefaultJob,,1,Workload,Warmup,11,738120300,33554432,22,304,0,0,152
SerializationBenchmark.Serialize_BinaryGenerated,KeyValueStore.Benchmarks,SerializationBenchmark,Serialize_BinaryGenerated,DefaultJob,Default,Default,Default,Default,Default,Default,Default,Default,Default,Default,Default,Default,Default,Default,Default,Default,Default,Default,Default,Default,Default,Default,Default,Default,Default,Default,Default,Default,Default,Default,Default,Default,Default,Default,Default,Default,Default,Default,Default,Default,Default,Default,DefaultJob,,1,Workload,Warmup,12,746774800,33554432,22.26,304,0,0,152
SerializationBenchmark.Serialize_BinaryGenerated,KeyValueStore.Benchmarks,SerializationBenchmark,Serialize_BinaryGenerated,DefaultJob,Default,Default,Default,Default,Default,Default,Default,Default,Default,Default,Default,Default,Default,Default,Default,Default,Default,Default,Default,Default,Default,Default,Default,Default,Default,Default,Default,Default,Default,Default,Default,Default,Default,Default,Default,Default,Default,Default,Default,Default,Default,Default,DefaultJob,,1,Workload,Warmup,13,746365100,33554432,22.24,304,0,0,152
SerializationBenchmark.Serialize_BinaryGenerated,KeyValueStore.Benchmarks,SerializationBenchmark,Serialize_BinaryGenerated,DefaultJob,Default,Default,Default,Default,Default,Default,Default,Default,Default,Default,Default,Default,Default,Default,Default,Default,Default,Default,Default,Default,Default,Default,Default,Default,Default,Default,Default,Default,Default,Default,Default,Default,Default,Default,Default,Default,Default,Default,Default,Default,Default,Default,DefaultJob,,1,Workload,Actual,1,743215300,33554432,22.15,304,0,0,152
SerializationBenchmark.Serialize_BinaryGenerated,KeyValueStore.Benchmarks,SerializationBenchmark,Serialize_BinaryGenerated,DefaultJob,Default,Default,Default,Default,Default,Default,Default,Default,Default,Default,Default,Default,Default,Default,Default,Default,Default,Default,Default,Default,Default,Default,Default,Default,Default,Default,Default,Default,Default,Default,Default,Default,Default,Default,Default,Default,Default,Default,Default,Default,Default,Default,DefaultJob,,1,Workload,Actual,2,747476500,33554432,22.28,304,0,0,152
SerializationBenchmark.Serialize_BinaryGenerated,KeyValueStore.Benchmarks,SerializationBenchmark,Serialize_BinaryGenerated,DefaultJob,Default,Default,Default,Default,Default,Default,Default,Default,Default,Default,Default,Default,Default,Default,Default,Default,Default,Default,Default,Default,Default,Default,Default,Default,Default,Default,Default,Default,Default,Default,Default,Default,Default,Default,Default,Default,Default,Default,Default,Default,Default,Default,DefaultJob,,1,Workload,Actual,3,748625000,33554432,22.31,304,0,0,152
SerializationBenchmark.Serialize_BinaryGenerated,KeyValueStore.Benchmarks,SerializationBenchmark,Serialize_BinaryGenerated,DefaultJob,Default,Default,Default,Default,Default,Default,Default,Default,Default,Default,Default,Default,Default,Default,Default,Default,Default,Default,Default,Default,Default,Default,Default,Default,Default,Default,Default,Default,Default,Default,Default,Default,Default,Default,Default,Default,Default,Default,Default,Default,Default,Default,DefaultJob,,1,Workload,Actual,4,758797500,33554432,22.61,304,0,0,152
SerializationBenchmark.Serialize_BinaryGenerated,KeyValueStore.Benchmarks,SerializationBenchmark,Serialize_BinaryGenerated,DefaultJob,Default,Default,Default,Default,Default,Default,Default,Default,Default,Default,Default,Default,Default,Default,Default,Default,Default,Default,Default,Default,Default,Default,Default,Default,Default,Default,Default,Default,Default,Default,Default,Default,Default,Default,Default,Default,Default,Default,Default,Default,Default,Default,DefaultJob,,1,Workload,Actual,5,749483500,33554432,22.34,304,0,0,152
SerializationBenchmark.Serialize_BinaryGenerated,KeyValueStore.Benchmarks,SerializationBenchmark,Serialize_BinaryGenerated,DefaultJob,Default,Default,Default,Default,Default,Default,Default,Default,Default,Default,Default,Default,Default,Default,Default,Default,Default,Default,Default,Default,Default,Default,Default,Default,Default,Default,Default,Default,Default,Default,Default,Default,Default,Default,Default,Default,Default,Default,Default,Default,Default,Default,DefaultJob,,1,Workload,Actual,6,752615200,33554432,22.43,304,0,0,152
SerializationBenchmark.Serialize_BinaryGenerated,KeyValueStore.Benchmarks,SerializationBenchmark,Serialize_BinaryGenerated,DefaultJob,Default,Default,Default,Default,Default,Default,Default,Default,Default,Default,Default,Default,Default,Default,Default,Default,Default,Default,Default,Default,Default,Default,Default,Default,Default,Default,Default,Default,Default,Default,Default,Default,Default,Default,Default,Default,Default,Default,Default,Default,Default,Default,DefaultJob,,1,Workload,Actual,7,748116600,33554432,22.3,304,0,0,152
SerializationBenchmark.Serialize_BinaryGenerated,KeyValueStore.Benchmarks,SerializationBenchmark,Serialize_BinaryGenerated,DefaultJob,Default,Default,Default,Default,Default,Default,Default,Default,Default,Default,Default,Default,Default,Default,Default,Default,Default,Default,Default,Default,Default,Default,Default,Default,Default,Default,Default,Default,Default,Default,Default,Default,Default,Default,Default,Default,Default,Default,Default,Default,Default,Default,DefaultJob,,1,Workload,Actual,8,759902300,33554432,22.65,304,0,0,152
SerializationBenchmark.Serialize_BinaryGenerated,KeyValueStore.Benchmarks,SerializationBenchmark,Serialize_BinaryGenerated,DefaultJob,Default,Default,Default,Default,Default,Default,Default,Default,Default,Default,Default,Default,Default,Default,Default,Default,Default,Default,Default,Default,Default,Default,Default,Default,Default,Default,Default,Default,Default,Default,Default,Default,Default,Default,Default,Default,Default,Default,Default,Default,Default,Default,DefaultJob,,1,Workload,Actual,9,750132100,33554432,22.36,304,0,0,152
SerializationBenchmark.Serialize_BinaryGenerated,KeyValueStore.Benchmarks,SerializationBenchmark,Serialize_BinaryGenerated,DefaultJob,Default,Default,Default,Default,Default,Default,Default,Default,Default,Default,Default,Default,Default,Default,Default,Default,Default,Default,Default,Default,Default,Default,Default,Default,Default,Default,Default,Default,Default,Default,Default,Default,Default,Default,Default,Default,Default,Default,Default,Default,Default,Default,DefaultJob,,1,Workload,Actual,10,748016000,33554432,22.29,304,0,0,152
SerializationBenchmark.Serialize_BinaryGenerated,KeyValueStore.Benchmarks,SerializationBenchmark,Serialize_BinaryGenerated,DefaultJob,Default,Default,Default,Default,Default,Default,Default,Default,Default,Default,Default,Default,Default,Default,Default,Default,Default,Default,Default,Default,Default,Default,Default,Default,Default,Default,Default,Default,Default,Default,Default,Default,Default,Default,Default,Default,Default,Default,Default,Default,Default,Default,DefaultJob,,1,Workload,Actual,11,751508800,33554432,22.4,304,0,0,152
SerializationBenchmark.Serialize_BinaryGenerated,KeyValueStore.Benchmarks,SerializationBenchmark,Serialize_BinaryGenerated,DefaultJob,Default,Default,Default,Default,Default,Default,Default,Default,Default,Default,Default,Default,Default,Default,Default,Default,Default,Default,Default,Default,Default,Default,Default,Default,Default,Default,Default,Default,Default,Default,Default,Default,Default,Default,Default,Default,Default,Default,Default,Default,Default,Default,DefaultJob,,1,Workload,Actual,12,754939500,33554432,22.5,304,0,0,152
SerializationBenchmark.Serialize_BinaryGenerated,KeyValueStore.Benchmarks,SerializationBenchmark,Serialize_BinaryGenerated,DefaultJob,Default,Default,Default,Default,Default,Default,Default,Default,Default,Default,Default,Default,Default,Default,Default,Default,Default,Default,Default,Default,Default,Default,Default,Default,Default,Default,Default,Default,Default,Default,Default,Default,Default,Default,Default,Default,Default,Default,Default,Default,Default,Default,DefaultJob,,1,Workload,Actual,13,746442100,33554432,22.25,304,0,0,152
SerializationBenchmark.Serialize_BinaryGenerated,KeyValueStore.Benchmarks,SerializationBenchmark,Serialize_BinaryGenerated,DefaultJob,Default,Default,Default,Default,Default,Default,Default,Default,Default,Default,Default,Default,Default,Default,Default,Default,Default,Default,Default,Default,Default,Default,Default,Default,Default,Default,Default,Default,Default,Default,Default,Default,Default,Default,Default,Default,Default,Default,Default,Default,Default,Default,DefaultJob,,1,Workload,Actual,14,756600000,33554432,22.55,304,0,0,152
SerializationBenchmark.Serialize_BinaryGenerated,KeyValueStore.Benchmarks,SerializationBenchmark,Serialize_BinaryGenerated,DefaultJob,Default,Default,Default,Default,Default,Default,Default,Default,Default,Default,Default,Default,Default,Default,Default,Default,Default,Default,Default,Default,Default,Default,Default,Default,Default,Default,Default,Default,Default,Default,Default,Default,Default,Default,Default,Default,Default,Default,Default,Default,Default,Default,DefaultJob,,1,Workload,Actual,15,750489900,33554432,22.37,304,0,0,152
SerializationBenchmark.Serialize_BinaryGenerated,KeyValueStore.Benchmarks,SerializationBenchmark,Serialize_BinaryGenerated,DefaultJob,Default,Default,Default,Default,Default,Default,Default,Default,Default,Default,Default,Default,Default,Default,Default,Default,Default,Default,Default,Default,Default,Default,Default,Default,Default,Default,Default,Default,Default,Default,Default,Default,Default,Default,Default,Default,Default,Default,Default,Default,Default,Default,DefaultJob,,1,Workload,Result,1,707547300,33554432,21.09,304,0,0,152
SerializationBenchmark.Serialize_BinaryGenerated,KeyValueStore.Benchmarks,SerializationBenchmark,Serialize_BinaryGenerated,DefaultJob,Default,Default,Default,Default,Default,Default,Default,Default,Default,Default,Default,Default,Default,Default,Default,Default,Default,Default,Default,Default,Default,Default,Default,Default,Default,Default,Default,Default,Default,Default,Default,Default,Default,Default,Default,Default,Default,Default,Default,Default,Default,Default,DefaultJob,,1,Workload,Result,2,711808500,33554432,21.21,304,0,0,152
SerializationBenchmark.Serialize_BinaryGenerated,KeyValueStore.Benchmarks,SerializationBenchmark,Serialize_BinaryGenerated,DefaultJob,Default,Default,Default,Default,Default,Default,Default,Default,Default,Default,Default,Default,Default,Default,Default,Default,Default,Default,Default,Default,Default,Default,Default,Default,Default,Default,Default,Default,Default,Default,Default,Default,Default,Default,Default,Default,Default,Default,Default,Default,Default,Default,DefaultJob,,1,Workload,Result,3,712957000,33554432,21.25,304,0,0,152
SerializationBenchmark.Serialize_BinaryGenerated,KeyValueStore.Benchmarks,SerializationBenchmark,Serialize_BinaryGenerated,DefaultJob,Default,Default,Default,Default,Default,Default,Default,Default,Default,Default,Default,Default,Default,Default,Default,Default,Default,Default,Default,Default,Default,Default,Default,Default,Default,Default,Default,Default,Default,Default,Default,Default,Default,Default,Default,Default,Default,Default,Default,Default,Default,Default,DefaultJob,,1,Workload,Result,4,723129500,33554432,21.55,304,0,0,152
SerializationBenchmark.Serialize_BinaryGenerated,KeyValueStore.Benchmarks,SerializationBenchmark,Serialize_BinaryGenerated,DefaultJob,Default,Default,Default,Default,Default,Default,Default,Default,Default,Default,Default,Default,Default,Default,Default,Default,Default,Default,Default,Default,Default,Default,Default,Default,Default,Default,Default,Default,Default,Default,Default,Default,Default,Default,Default,Default,Default,Default,Default,Default,Default,Default,DefaultJob,,1,Workload,Result,5,713815500,33554432,21.27,304,0,0,152
SerializationBenchmark.Serialize_BinaryGenerated,KeyValueStore.Benchmarks,SerializationBenchmark,Serialize_BinaryGenerated,DefaultJob,Default,Default,Default,Default,Default,Default,Default,Default,Default,Default,Default,Default,Default,Default,Default,Default,Default,Default,Default,Default,Default,Default,Default,Default,Default,Default,Default,Default,Default,Default,Default,Default,Default,Default,Default,Default,Default,Default,Default,Default,Default,Default,DefaultJob,,1,Workload,Result,6,716947200,33554432,21.37,304,0,0,152
SerializationBenchmark.Serialize_BinaryGenerated,KeyValueStore.Benchmarks,SerializationBenchmark,Serialize_BinaryGenerated,DefaultJob,Default,Default,Default,Default,Default,Default,Default,Default,Default,Default,Default,Default,Default,Default,Default,Default,Default,Default,Default,Default,Default,Default,Default,Default,Default,Default,Default,Default,Default,Default,Default,Default,Default,Default,Default,Default,Default,Default,Default,Default,Default,Default,DefaultJob,,1,Workload,Result,7,712448600,33554432,21.23,304,0,0,152
SerializationBenchmark.Serialize_BinaryGenerated,KeyValueStore.Benchmarks,SerializationBenchmark,Serialize_BinaryGenerated,DefaultJob,Default,Default,Default,Default,Default,Default,Default,Default,Default,Default,Default,Default,Default,Default,Default,Default,Default,Default,Default,Default,Default,Default,Default,Default,Default,Default,Default,Default,Default,Default,Default,Default,Default,Default,Default,Default,Default,Default,Default,Default,Default,Default,DefaultJob,,1,Workload,Result,8,724234300,33554432,21.58,304,0,0,152
SerializationBenchmark.Serialize_BinaryGenerated,KeyValueStore.Benchmarks,SerializationBenchmark,Serialize_BinaryGenerated,DefaultJob,Default,Default,Default,Default,Default,Default,Default,Default,Default,Default,Default,Default,Default,Default,Default,Default,Default,Default,Default,Default,Default,Default,Default,Default,Default,Default,Default,Default,Default,Default,Default,Default,Default,Default,Default,Default,Default,Default,Default,Default,Default,Default,DefaultJob,,1,Workload,Result,9,714464100,33554432,21.29,304,0,0,152
SerializationBenchmark.Serialize_BinaryGenerated,KeyValueStore.Benchmarks,SerializationBenchmark,Serialize_BinaryGenerated,DefaultJob,Default,Default,Default,Default,Default,Default,Default,Default,Default,Default,Default,Default,Default,Default,Default,Default,Default,Default,Default,Default,Default,Default,Default,Default,Default,Default,Default,Default,Default,Default,Default,Default,Default,Default,Default,Default,Default,Default,Default,Default,Default,Default,DefaultJob,,1,Workload,Result,10,712348000,33554432,21.23,304,0,0,152
SerializationBenchmark.Serialize_BinaryGenerated,KeyValueStore.Benchmarks,SerializationBenchmark,Serialize_BinaryGenerated,DefaultJob,Default,Default,Default,Default,Default,Default,Default,Default,Default,Default,Default,Default,Default,Default,Default,Default,Default,Default,Default,Default,Default,Default,Default,Default,Default,Default,Default,Default,Default,Default,Default,Default,Default,Default,Default,Default,Default,Default,Default,Default,Default,Default,DefaultJob,,1,Workload,Result,11,715840800,33554432,21.33,304,0,0,152
SerializationBenchmark.Serialize_BinaryGenerated,KeyValueStore.Benchmarks,SerializationBenchmark,Serialize_BinaryGenerated,DefaultJob,Default,Default,Default,Default,Default,Default,Default,Default,Default,Default,Default,Default,Default,Default,Default,Default,Default,Default,Default,Default,Default,Default,Default,Default,Default,Default,Default,Default,Default,Default,Default,Default,Default,Default,Default,Default,Default,Default,Default,Default,Default,Default,DefaultJob,,1,Workload,Result,12,719271500,33554432,21.44,304,0,0,152
SerializationBenchmark.Serialize_BinaryGenerated,KeyValueStore.Benchmarks,SerializationBenchmark,Serialize_BinaryGenerated,DefaultJob,Default,Default,Default,Default,Default,Default,Default,Default,Default,Default,Default,Default,Default,Default,Default,Default,Default,Default,Default,Default,Default,Default,Default,Default,Default,Default,Default,Default,Default,Default,Default,Default,Default,Default,Default,Default,Default,Default,Default,Default,Default,Default,DefaultJob,,1,Workload,Result,13,710774100,33554432,21.18,304,0,0,152
SerializationBenchmark.Serialize_BinaryGenerated,KeyValueStore.Benchmarks,SerializationBenchmark,Serialize_BinaryGenerated,DefaultJob,Default,Default,Default,Default,Default,Default,Default,Default,Default,Default,Default,Default,Default,Default,Default,Default,Default,Default,Default,Default,Default,Default,Default,Default,Default,Default,Default,Default,Default,Default,Default,Default,Default,Default,Default,Default,Default,Default,Default,Default,Default,Default,DefaultJob,,1,Workload,Result,14,720932000,33554432,21.49,304,0,0,152
SerializationBenchmark.Serialize_BinaryGenerated,KeyValueStore.Benchmarks,SerializationBenchmark,Serialize_BinaryGenerated,DefaultJob,Default,Default,Default,Default,Default,Default,Default,Default,Default,Default,Default,Default,Default,Default,Default,Default,Default,Default,Default,Default,Default,Default,Default,Default,Default,Default,Default,Default,Default,Default,Default,Default,Default,Default,Default,Default,Default,Default,Default,Default,Default,Default,DefaultJob,,1,Workload,Result,15,714821900,33554432,21.3,304,0,0,152
SerializationBenchmark.Deserialize_JsonSerializer,KeyValueStore.Benchmarks,SerializationBenchmark,Deserialize_JsonSerializer,DefaultJob,Default,Default,Default,Default,Default,Default,Default,Default,Default,Default,Default,Default,Default,Default,Default,Default,Default,Default,Default,Default,Default,Default,Default,Default,Default,Default,Default,Default,Default,Default,Default,Default,Default,Default,Default,Default,Default,Default,Default,Default,Default,Default,DefaultJob,,1,Overhead,Jitting,1,150500,1,150500,14,0,0,112
SerializationBenchmark.Deserialize_JsonSerializer,KeyValueStore.Benchmarks,SerializationBenchmark,Deserialize_JsonSerializer,DefaultJob,Default,Default,Default,Default,Default,Default,Default,Default,Default,Default,Default,Default,Default,Default,Default,Default,Default,Default,Default,Default,Default,Default,Default,Default,Default,Default,Default,Default,Default,Default,Default,Default,Default,Default,Default,Default,Default,Default,Default,Default,Default,Default,DefaultJob,,1,Workload,Jitting,1,19496800,1,19496800,14,0,0,112
SerializationBenchmark.Deserialize_JsonSerializer,KeyValueStore.Benchmarks,SerializationBenchmark,Deserialize_JsonSerializer,DefaultJob,Default,Default,Default,Default,Default,Default,Default,Default,Default,Default,Default,Default,Default,Default,Default,Default,Default,Default,Default,Default,Default,Default,Default,Default,Default,Default,Default,Default,Default,Default,Default,Default,Default,Default,Default,Default,Default,Default,Default,Default,Default,Default,DefaultJob,,1,Overhead,Jitting,2,398000,16,24875,14,0,0,112
SerializationBenchmark.Deserialize_JsonSerializer,KeyValueStore.Benchmarks,SerializationBenchmark,Deserialize_JsonSerializer,DefaultJob,Default,Default,Default,Default,Default,Default,Default,Default,Default,Default,Default,Default,Default,Default,Default,Default,Default,Default,Default,Default,Default,Default,Default,Default,Default,Default,Default,Default,Default,Default,Default,Default,Default,Default,Default,Default,Default,Default,Default,Default,Default,Default,DefaultJob,,1,Workload,Jitting,2,611500,16,38218.75,14,0,0,112
SerializationBenchmark.Deserialize_JsonSerializer,KeyValueStore.Benchmarks,SerializationBenchmark,Deserialize_JsonSerializer,DefaultJob,Default,Default,Default,Default,Default,Default,Default,Default,Default,Default,Default,Default,Default,Default,Default,Default,Default,Default,Default,Default,Default,Default,Default,Default,Default,Default,Default,Default,Default,Default,Default,Default,Default,Default,Default,Default,Default,Default,Default,Default,Default,Default,DefaultJob,,1,Workload,Pilot,1,72300,16,4518.75,14,0,0,112
SerializationBenchmark.Deserialize_JsonSerializer,KeyValueStore.Benchmarks,SerializationBenchmark,Deserialize_JsonSerializer,DefaultJob,Default,Default,Default,Default,Default,Default,Default,Default,Default,Default,Default,Default,Default,Default,Default,Default,Default,Default,Default,Default,Default,Default,Default,Default,Default,Default,Default,Default,Default,Default,Default,Default,Default,Default,Default,Default,Default,Default,Default,Default,Default,Default,DefaultJob,,1,Workload,Pilot,2,96400,32,3012.5,14,0,0,112
SerializationBenchmark.Deserialize_JsonSerializer,KeyValueStore.Benchmarks,SerializationBenchmark,Deserialize_JsonSerializer,DefaultJob,Default,Default,Default,Default,Default,Default,Default,Default,Default,Default,Default,Default,Default,Default,Default,Default,Default,Default,Default,Default,Default,Default,Default,Default,Default,Default,Default,Default,Default,Default,Default,Default,Default,Default,Default,Default,Default,Default,Default,Default,Default,Default,DefaultJob,,1,Workload,Pilot,3,125200,64,1956.25,14,0,0,112
SerializationBenchmark.Deserialize_JsonSerializer,KeyValueStore.Benchmarks,SerializationBenchmark,Deserialize_JsonSerializer,DefaultJob,Default,Default,Default,Default,Default,Default,Default,Default,Default,Default,Default,Default,Default,Default,Default,Default,Default,Default,Default,Default,Default,Default,Default,Default,Default,Default,Default,Default,Default,Default,Default,Default,Default,Default,Default,Default,Default,Default,Default,Default,Default,Default,DefaultJob,,1,Workload,Pilot,4,175900,128,1374.22,14,0,0,112
SerializationBenchmark.Deserialize_JsonSerializer,KeyValueStore.Benchmarks,SerializationBenchmark,Deserialize_JsonSerializer,DefaultJob,Default,Default,Default,Default,Default,Default,Default,Default,Default,Default,Default,Default,Default,Default,Default,Default,Default,Default,Default,Default,Default,Default,Default,Default,Default,Default,Default,Default,Default,Default,Default,Default,Default,Default,Default,Default,Default,Default,Default,Default,Default,Default,DefaultJob,,1,Workload,Pilot,5,323900,256,1265.23,14,0,0,112
SerializationBenchmark.Deserialize_JsonSerializer,KeyValueStore.Benchmarks,SerializationBenchmark,Deserialize_JsonSerializer,DefaultJob,Default,Default,Default,Default,Default,Default,Default,Default,Default,Default,Default,Default,Default,Default,Default,Default,Default,Default,Default,Default,Default,Default,Default,Default,Default,Default,Default,Default,Default,Default,Default,Default,Default,Default,Default,Default,Default,Default,Default,Default,Default,Default,DefaultJob,,1,Workload,Pilot,6,629900,512,1230.27,14,0,0,112
SerializationBenchmark.Deserialize_JsonSerializer,KeyValueStore.Benchmarks,SerializationBenchmark,Deserialize_JsonSerializer,DefaultJob,Default,Default,Default,Default,Default,Default,Default,Default,Default,Default,Default,Default,Default,Default,Default,Default,Default,Default,Default,Default,Default,Default,Default,Default,Default,Default,Default,Default,Default,Default,Default,Default,Default,Default,Default,Default,Default,Default,Default,Default,Default,Default,DefaultJob,,1,Workload,Pilot,7,1213500,1024,1185.06,14,0,0,112
SerializationBenchmark.Deserialize_JsonSerializer,KeyValueStore.Benchmarks,SerializationBenchmark,Deserialize_JsonSerializer,DefaultJob,Default,Default,Default,Default,Default,Default,Default,Default,Default,Default,Default,Default,Default,Default,Default,Default,Default,Default,Default,Default,Default,Default,Default,Default,Default,Default,Default,Default,Default,Default,Default,Default,Default,Default,Default,Default,Default,Default,Default,Default,Default,Default,DefaultJob,,1,Workload,Pilot,8,2441500,2048,1192.14,14,0,0,112
SerializationBenchmark.Deserialize_JsonSerializer,KeyValueStore.Benchmarks,SerializationBenchmark,Deserialize_JsonSerializer,DefaultJob,Default,Default,Default,Default,Default,Default,Default,Default,Default,Default,Default,Default,Default,Default,Default,Default,Default,Default,Default,Default,Default,Default,Default,Default,Default,Default,Default,Default,Default,Default,Default,Default,Default,Default,Default,Default,Default,Default,Default,Default,Default,Default,DefaultJob,,1,Workload,Pilot,9,4968800,4096,1213.09,14,0,0,112
SerializationBenchmark.Deserialize_JsonSerializer,KeyValueStore.Benchmarks,SerializationBenchmark,Deserialize_JsonSerializer,DefaultJob,Default,Default,Default,Default,Default,Default,Default,Default,Default,Default,Default,Default,Default,Default,Default,Default,Default,Default,Default,Default,Default,Default,Default,Default,Default,Default,Default,Default,Default,Default,Default,Default,Default,Default,Default,Default,Default,Default,Default,Default,Default,Default,DefaultJob,,1,Workload,Pilot,10,10069300,8192,1229.16,14,0,0,112
SerializationBenchmark.Deserialize_JsonSerializer,KeyValueStore.Benchmarks,SerializationBenchmark,Deserialize_JsonSerializer,DefaultJob,Default,Default,Default,Default,Default,Default,Default,Default,Default,Default,Default,Default,Default,Default,Default,Default,Default,Default,Default,Default,Default,Default,Default,Default,Default,Default,Default,Default,Default,Default,Default,Default,Default,Default,Default,Default,Default,Default,Default,Default,Default,Default,DefaultJob,,1,Workload,Pilot,11,19658900,16384,1199.88,14,0,0,112
SerializationBenchmark.Deserialize_JsonSerializer,KeyValueStore.Benchmarks,SerializationBenchmark,Deserialize_JsonSerializer,DefaultJob,Default,Default,Default,Default,Default,Default,Default,Default,Default,Default,Default,Default,Default,Default,Default,Default,Default,Default,Default,Default,Default,Default,Default,Default,Default,Default,Default,Default,Default,Default,Default,Default,Default,Default,Default,Default,Default,Default,Default,Default,Default,Default,DefaultJob,,1,Workload,Pilot,12,42090600,32768,1284.5,14,0,0,112
SerializationBenchmark.Deserialize_JsonSerializer,KeyValueStore.Benchmarks,SerializationBenchmark,Deserialize_JsonSerializer,DefaultJob,Default,Default,Default,Default,Default,Default,Default,Default,Default,Default,Default,Default,Default,Default,Default,Default,Default,Default,Default,Default,Default,Default,Default,Default,Default,Default,Default,Default,Default,Default,Default,Default,Default,Default,Default,Default,Default,Default,Default,Default,Default,Default,DefaultJob,,1,Workload,Pilot,13,101224500,65536,1544.56,14,0,0,112
SerializationBenchmark.Deserialize_JsonSerializer,KeyValueStore.Benchmarks,SerializationBenchmark,Deserialize_JsonSerializer,DefaultJob,Default,Default,Default,Default,Default,Default,Default,Default,Default,Default,Default,Default,Default,Default,Default,Default,Default,Default,Default,Default,Default,Default,Default,Default,Default,Default,Default,Default,Default,Default,Default,Default,Default,Default,Default,Default,Default,Default,Default,Default,Default,Default,DefaultJob,,1,Workload,Pilot,14,175483400,131072,1338.83,14,0,0,112
SerializationBenchmark.Deserialize_JsonSerializer,KeyValueStore.Benchmarks,SerializationBenchmark,Deserialize_JsonSerializer,DefaultJob,Default,Default,Default,Default,Default,Default,Default,Default,Default,Default,Default,Default,Default,Default,Default,Default,Default,Default,Default,Default,Default,Default,Default,Default,Default,Default,Default,Default,Default,Default,Default,Default,Default,Default,Default,Default,Default,Default,Default,Default,Default,Default,DefaultJob,,1,Workload,Pilot,15,324887700,262144,1239.35,14,0,0,112
SerializationBenchmark.Deserialize_JsonSerializer,KeyValueStore.Benchmarks,SerializationBenchmark,Deserialize_JsonSerializer,DefaultJob,Default,Default,Default,Default,Default,Default,Default,Default,Default,Default,Default,Default,Default,Default,Default,Default,Default,Default,Default,Default,Default,Default,Default,Default,Default,Default,Default,Default,Default,Default,Default,Default,Default,Default,Default,Default,Default,Default,Default,Default,Default,Default,DefaultJob,,1,Workload,Pilot,16,422766200,524288,806.36,14,0,0,112
SerializationBenchmark.Deserialize_JsonSerializer,KeyValueStore.Benchmarks,SerializationBenchmark,Deserialize_JsonSerializer,DefaultJob,Default,Default,Default,Default,Default,Default,Default,Default,Default,Default,Default,Default,Default,Default,Default,Default,Default,Default,Default,Default,Default,Default,Default,Default,Default,Default,Default,Default,Default,Default,Default,Default,Default,Default,Default,Default,Default,Default,Default,Default,Default,Default,DefaultJob,,1,Workload,Pilot,17,358880500,1048576,342.26,14,0,0,112
SerializationBenchmark.Deserialize_JsonSerializer,KeyValueStore.Benchmarks,SerializationBenchmark,Deserialize_JsonSerializer,DefaultJob,Default,Default,Default,Default,Default,Default,Default,Default,Default,Default,Default,Default,Default,Default,Default,Default,Default,Default,Default,Default,Default,Default,Default,Default,Default,Default,Default,Default,Default,Default,Default,Default,Default,Default,Default,Default,Default,Default,Default,Default,Default,Default,DefaultJob,,1,Workload,Pilot,18,704460100,2097152,335.91,14,0,0,112
SerializationBenchmark.Deserialize_JsonSerializer,KeyValueStore.Benchmarks,SerializationBenchmark,Deserialize_JsonSerializer,DefaultJob,Default,Default,Default,Default,Default,Default,Default,Default,Default,Default,Default,Default,Default,Default,Default,Default,Default,Default,Default,Default,Default,Default,Default,Default,Default,Default,Default,Default,Default,Default,Default,Default,Default,Default,Default,Default,Default,Default,Default,Default,Default,Default,DefaultJob,,1,Overhead,Warmup,1,4685900,2097152,2.23,14,0,0,112
SerializationBenchmark.Deserialize_JsonSerializer,KeyValueStore.Benchmarks,SerializationBenchmark,Deserialize_JsonSerializer,DefaultJob,Default,Default,Default,Default,Default,Default,Default,Default,Default,Default,Default,Default,Default,Default,Default,Default,Default,Default,Default,Default,Default,Default,Default,Default,Default,Default,Default,Default,Default,Default,Default,Default,Default,Default,Default,Default,Default,Default,Default,Default,Default,Default,DefaultJob,,1,Overhead,Warmup,2,4820300,2097152,2.3,14,0,0,112
SerializationBenchmark.Deserialize_JsonSerializer,KeyValueStore.Benchmarks,SerializationBenchmark,Deserialize_JsonSerializer,DefaultJob,Default,Default,Default,Default,Default,Default,Default,Default,Default,Default,Default,Default,Default,Default,Default,Default,Default,Default,Default,Default,Default,Default,Default,Default,Default,Default,Default,Default,Default,Default,Default,Default,Default,Default,Default,Default,Default,Default,Default,Default,Default,Default,DefaultJob,,1,Overhead,Warmup,3,5142900,2097152,2.45,14,0,0,112
SerializationBenchmark.Deserialize_JsonSerializer,KeyValueStore.Benchmarks,SerializationBenchmark,Deserialize_JsonSerializer,DefaultJob,Default,Default,Default,Default,Default,Default,Default,Default,Default,Default,Default,Default,Default,Default,Default,Default,Default,Default,Default,Default,Default,Default,Default,Default,Default,Default,Default,Default,Default,Default,Default,Default,Default,Default,Default,Default,Default,Default,Default,Default,Default,Default,DefaultJob,,1,Overhead,Warmup,4,4837900,2097152,2.31,14,0,0,112
SerializationBenchmark.Deserialize_JsonSerializer,KeyValueStore.Benchmarks,SerializationBenchmark,Deserialize_JsonSerializer,DefaultJob,Default,Default,Default,Default,Default,Default,Default,Default,Default,Default,Default,Default,Default,Default,Default,Default,Default,Default,Default,Default,Default,Default,Default,Default,Default,Default,Default,Default,Default,Default,Default,Default,Default,Default,Default,Default,Default,Default,Default,Default,Default,Default,DefaultJob,,1,Overhead,Warmup,5,5252600,2097152,2.5,14,0,0,112
SerializationBenchmark.Deserialize_JsonSerializer,KeyValueStore.Benchmarks,SerializationBenchmark,Deserialize_JsonSerializer,DefaultJob,Default,Default,Default,Default,Default,Default,Default,Default,Default,Default,Default,Default,Default,Default,Default,Default,Default,Default,Default,Default,Default,Default,Default,Default,Default,Default,Default,Default,Default,Default,Default,Default,Default,Default,Default,Default,Default,Default,Default,Default,Default,Default,DefaultJob,,1,Overhead,Warmup,6,4617800,2097152,2.2,14,0,0,112
SerializationBenchmark.Deserialize_JsonSerializer,KeyValueStore.Benchmarks,SerializationBenchmark,Deserialize_JsonSerializer,DefaultJob,Default,Default,Default,Default,Default,Default,Default,Default,Default,Default,Default,Default,Default,Default,Default,Default,Default,Default,Default,Default,Default,Default,Default,Default,Default,Default,Default,Default,Default,Default,Default,Default,Default,Default,Default,Default,Default,Default,Default,Default,Default,Default,DefaultJob,,1,Overhead,Actual,1,5058200,2097152,2.41,14,0,0,112
SerializationBenchmark.Deserialize_JsonSerializer,KeyValueStore.Benchmarks,SerializationBenchmark,Deserialize_JsonSerializer,DefaultJob,Default,Default,Default,Default,Default,Default,Default,Default,Default,Default,Default,Default,Default,Default,Default,Default,Default,Default,Default,Default,Default,Default,Default,Default,Default,Default,Default,Default,Default,Default,Default,Default,Default,Default,Default,Default,Default,Default,Default,Default,Default,Default,DefaultJob,,1,Overhead,Actual,2,4682500,2097152,2.23,14,0,0,112
SerializationBenchmark.Deserialize_JsonSerializer,KeyValueStore.Benchmarks,SerializationBenchmark,Deserialize_JsonSerializer,DefaultJob,Default,Default,Default,Default,Default,Default,Default,Default,Default,Default,Default,Default,Default,Default,Default,Default,Default,Default,Default,Default,Default,Default,Default,Default,Default,Default,Default,Default,Default,Default,Default,Default,Default,Default,Default,Default,Default,Default,Default,Default,Default,Default,DefaultJob,,1,Overhead,Actual,3,4667600,2097152,2.23,14,0,0,112
SerializationBenchmark.Deserialize_JsonSerializer,KeyValueStore.Benchmarks,SerializationBenchmark,Deserialize_JsonSerializer,DefaultJob,Default,Default,Default,Default,Default,Default,Default,Default,Default,Default,Default,Default,Default,Default,Default,Default,Default,Default,Default,Default,Default,Default,Default,Default,Default,Default,Default,Default,Default,Default,Default,Default,Default,Default,Default,Default,Default,Default,Default,Default,Default,Default,DefaultJob,,1,Overhead,Actual,4,4837800,2097152,2.31,14,0,0,112
SerializationBenchmark.Deserialize_JsonSerializer,KeyValueStore.Benchmarks,SerializationBenchmark,Deserialize_JsonSerializer,DefaultJob,Default,Default,Default,Default,Default,Default,Default,Default,Default,Default,Default,Default,Default,Default,Default,Default,Default,Default,Default,Default,Default,Default,Default,Default,Default,Default,Default,Default,Default,Default,Default,Default,Default,Default,Default,Default,Default,Default,Default,Default,Default,Default,DefaultJob,,1,Overhead,Actual,5,4905500,2097152,2.34,14,0,0,112
SerializationBenchmark.Deserialize_JsonSerializer,KeyValueStore.Benchmarks,SerializationBenchmark,Deserialize_JsonSerializer,DefaultJob,Default,Default,Default,Default,Default,Default,Default,Default,Default,Default,Default,Default,Default,Default,Default,Default,Default,Default,Default,Default,Default,Default,Default,Default,Default,Default,Default,Default,Default,Default,Default,Default,Default,Default,Default,Default,Default,Default,Default,Default,Default,Default,DefaultJob,,1,Overhead,Actual,6,5034500,2097152,2.4,14,0,0,112
SerializationBenchmark.Deserialize_JsonSerializer,KeyValueStore.Benchmarks,SerializationBenchmark,Deserialize_JsonSerializer,DefaultJob,Default,Default,Default,Default,Default,Default,Default,Default,Default,Default,Default,Default,Default,Default,Default,Default,Default,Default,Default,Default,Default,Default,Default,Default,Default,Default,Default,Default,Default,Default,Default,Default,Default,Default,Default,Default,Default,Default,Default,Default,Default,Default,DefaultJob,,1,Overhead,Actual,7,4738100,2097152,2.26,14,0,0,112
SerializationBenchmark.Deserialize_JsonSerializer,KeyValueStore.Benchmarks,SerializationBenchmark,Deserialize_JsonSerializer,DefaultJob,Default,Default,Default,Default,Default,Default,Default,Default,Default,Default,Default,Default,Default,Default,Default,Default,Default,Default,Default,Default,Default,Default,Default,Default,Default,Default,Default,Default,Default,Default,Default,Default,Default,Default,Default,Default,Default,Default,Default,Default,Default,Default,DefaultJob,,1,Overhead,Actual,8,5029000,2097152,2.4,14,0,0,112
SerializationBenchmark.Deserialize_JsonSerializer,KeyValueStore.Benchmarks,SerializationBenchmark,Deserialize_JsonSerializer,DefaultJob,Default,Default,Default,Default,Default,Default,Default,Default,Default,Default,Default,Default,Default,Default,Default,Default,Default,Default,Default,Default,Default,Default,Default,Default,Default,Default,Default,Default,Default,Default,Default,Default,Default,Default,Default,Default,Default,Default,Default,Default,Default,Default,DefaultJob,,1,Overhead,Actual,9,4729700,2097152,2.26,14,0,0,112
SerializationBenchmark.Deserialize_JsonSerializer,KeyValueStore.Benchmarks,SerializationBenchmark,Deserialize_JsonSerializer,DefaultJob,Default,Default,Default,Default,Default,Default,Default,Default,Default,Default,Default,Default,Default,Default,Default,Default,Default,Default,Default,Default,Default,Default,Default,Default,Default,Default,Default,Default,Default,Default,Default,Default,Default,Default,Default,Default,Default,Default,Default,Default,Default,Default,DefaultJob,,1,Overhead,Actual,10,5058900,2097152,2.41,14,0,0,112
SerializationBenchmark.Deserialize_JsonSerializer,KeyValueStore.Benchmarks,SerializationBenchmark,Deserialize_JsonSerializer,DefaultJob,Default,Default,Default,Default,Default,Default,Default,Default,Default,Default,Default,Default,Default,Default,Default,Default,Default,Default,Default,Default,Default,Default,Default,Default,Default,Default,Default,Default,Default,Default,Default,Default,Default,Default,Default,Default,Default,Default,Default,Default,Default,Default,DefaultJob,,1,Overhead,Actual,11,4708600,2097152,2.25,14,0,0,112
SerializationBenchmark.Deserialize_JsonSerializer,KeyValueStore.Benchmarks,SerializationBenchmark,Deserialize_JsonSerializer,DefaultJob,Default,Default,Default,Default,Default,Default,Default,Default,Default,Default,Default,Default,Default,Default,Default,Default,Default,Default,Default,Default,Default,Default,Default,Default,Default,Default,Default,Default,Default,Default,Default,Default,Default,Default,Default,Default,Default,Default,Default,Default,Default,Default,DefaultJob,,1,Overhead,Actual,12,4712200,2097152,2.25,14,0,0,112
SerializationBenchmark.Deserialize_JsonSerializer,KeyValueStore.Benchmarks,SerializationBenchmark,Deserialize_JsonSerializer,DefaultJob,Default,Default,Default,Default,Default,Default,Default,Default,Default,Default,Default,Default,Default,Default,Default,Default,Default,Default,Default,Default,Default,Default,Default,Default,Default,Default,Default,Default,Default,Default,Default,Default,Default,Default,Default,Default,Default,Default,Default,Default,Default,Default,DefaultJob,,1,Overhead,Actual,13,5211300,2097152,2.48,14,0,0,112
SerializationBenchmark.Deserialize_JsonSerializer,KeyValueStore.Benchmarks,SerializationBenchmark,Deserialize_JsonSerializer,DefaultJob,Default,Default,Default,Default,Default,Default,Default,Default,Default,Default,Default,Default,Default,Default,Default,Default,Default,Default,Default,Default,Default,Default,Default,Default,Default,Default,Default,Default,Default,Default,Default,Default,Default,Default,Default,Default,Default,Default,Default,Default,Default,Default,DefaultJob,,1,Overhead,Actual,14,4998900,2097152,2.38,14,0,0,112
SerializationBenchmark.Deserialize_JsonSerializer,KeyValueStore.Benchmarks,SerializationBenchmark,Deserialize_JsonSerializer,DefaultJob,Default,Default,Default,Default,Default,Default,Default,Default,Default,Default,Default,Default,Default,Default,Default,Default,Default,Default,Default,Default,Default,Default,Default,Default,Default,Default,Default,Default,Default,Default,Default,Default,Default,Default,Default,Default,Default,Default,Default,Default,Default,Default,DefaultJob,,1,Overhead,Actual,15,4699700,2097152,2.24,14,0,0,112
SerializationBenchmark.Deserialize_JsonSerializer,KeyValueStore.Benchmarks,SerializationBenchmark,Deserialize_JsonSerializer,DefaultJob,Default,Default,Default,Default,Default,Default,Default,Default,Default,Default,Default,Default,Default,Default,Default,Default,Default,Default,Default,Default,Default,Default,Default,Default,Default,Default,Default,Default,Default,Default,Default,Default,Default,Default,Default,Default,Default,Default,Default,Default,Default,Default,DefaultJob,,1,Workload,Warmup,1,733506700,2097152,349.76,14,0,0,112
SerializationBenchmark.Deserialize_JsonSerializer,KeyValueStore.Benchmarks,SerializationBenchmark,Deserialize_JsonSerializer,DefaultJob,Default,Default,Default,Default,Default,Default,Default,Default,Default,Default,Default,Default,Default,Default,Default,Default,Default,Default,Default,Default,Default,Default,Default,Default,Default,Default,Default,Default,Default,Default,Default,Default,Default,Default,Default,Default,Default,Default,Default,Default,Default,Default,DefaultJob,,1,Workload,Warmup,2,751801500,2097152,358.49,14,0,0,112
SerializationBenchmark.Deserialize_JsonSerializer,KeyValueStore.Benchmarks,SerializationBenchmark,Deserialize_JsonSerializer,DefaultJob,Default,Default,Default,Default,Default,Default,Default,Default,Default,Default,Default,Default,Default,Default,Default,Default,Default,Default,Default,Default,Default,Default,Default,Default,Default,Default,Default,Default,Default,Default,Default,Default,Default,Default,Default,Default,Default,Default,Default,Default,Default,Default,DefaultJob,,1,Workload,Warmup,3,712354200,2097152,339.68,14,0,0,112
SerializationBenchmark.Deserialize_JsonSerializer,KeyValueStore.Benchmarks,SerializationBenchmark,Deserialize_JsonSerializer,DefaultJob,Default,Default,Default,Default,Default,Default,Default,Default,Default,Default,Default,Default,Default,Default,Default,Default,Default,Default,Default,Default,Default,Default,Default,Default,Default,Default,Default,Default,Default,Default,Default,Default,Default,Default,Default,Default,Default,Default,Default,Default,Default,Default,DefaultJob,,1,Workload,Warmup,4,718333400,2097152,342.53,14,0,0,112
SerializationBenchmark.Deserialize_JsonSerializer,KeyValueStore.Benchmarks,SerializationBenchmark,Deserialize_JsonSerializer,DefaultJob,Default,Default,Default,Default,Default,Default,Default,Default,Default,Default,Default,Default,Default,Default,Default,Default,Default,Default,Default,Default,Default,Default,Default,Default,Default,Default,Default,Default,Default,Default,Default,Default,Default,Default,Default,Default,Default,Default,Default,Default,Default,Default,DefaultJob,,1,Workload,Warmup,5,701839400,2097152,334.66,14,0,0,112
SerializationBenchmark.Deserialize_JsonSerializer,KeyValueStore.Benchmarks,SerializationBenchmark,Deserialize_JsonSerializer,DefaultJob,Default,Default,Default,Default,Default,Default,Default,Default,Default,Default,Default,Default,Default,Default,Default,Default,Default,Default,Default,Default,Default,Default,Default,Default,Default,Default,Default,Default,Default,Default,Default,Default,Default,Default,Default,Default,Default,Default,Default,Default,Default,Default,DefaultJob,,1,Workload,Warmup,6,704404900,2097152,335.89,14,0,0,112
SerializationBenchmark.Deserialize_JsonSerializer,KeyValueStore.Benchmarks,SerializationBenchmark,Deserialize_JsonSerializer,DefaultJob,Default,Default,Default,Default,Default,Default,Default,Default,Default,Default,Default,Default,Default,Default,Default,Default,Default,Default,Default,Default,Default,Default,Default,Default,Default,Default,Default,Default,Default,Default,Default,Default,Default,Default,Default,Default,Default,Default,Default,Default,Default,Default,DefaultJob,,1,Workload,Actual,1,723625400,2097152,345.05,14,0,0,112
SerializationBenchmark.Deserialize_JsonSerializer,KeyValueStore.Benchmarks,SerializationBenchmark,Deserialize_JsonSerializer,DefaultJob,Default,Default,Default,Default,Default,Default,Default,Default,Default,Default,Default,Default,Default,Default,Default,Default,Default,Default,Default,Default,Default,Default,Default,Default,Default,Default,Default,Default,Default,Default,Default,Default,Default,Default,Default,Default,Default,Default,Default,Default,Default,Default,DefaultJob,,1,Workload,Actual,2,739716200,2097152,352.72,14,0,0,112
SerializationBenchmark.Deserialize_JsonSerializer,KeyValueStore.Benchmarks,SerializationBenchmark,Deserialize_JsonSerializer,DefaultJob,Default,Default,Default,Default,Default,Default,Default,Default,Default,Default,Default,Default,Default,Default,Default,Default,Default,Default,Default,Default,Default,Default,Default,Default,Default,Default,Default,Default,Default,Default,Default,Default,Default,Default,Default,Default,Default,Default,Default,Default,Default,Default,DefaultJob,,1,Workload,Actual,3,699173500,2097152,333.39,14,0,0,112
SerializationBenchmark.Deserialize_JsonSerializer,KeyValueStore.Benchmarks,SerializationBenchmark,Deserialize_JsonSerializer,DefaultJob,Default,Default,Default,Default,Default,Default,Default,Default,Default,Default,Default,Default,Default,Default,Default,Default,Default,Default,Default,Default,Default,Default,Default,Default,Default,Default,Default,Default,Default,Default,Default,Default,Default,Default,Default,Default,Default,Default,Default,Default,Default,Default,DefaultJob,,1,Workload,Actual,4,697560100,2097152,332.62,14,0,0,112
SerializationBenchmark.Deserialize_JsonSerializer,KeyValueStore.Benchmarks,SerializationBenchmark,Deserialize_JsonSerializer,DefaultJob,Default,Default,Default,Default,Default,Default,Default,Default,Default,Default,Default,Default,Default,Default,Default,Default,Default,Default,Default,Default,Default,Default,Default,Default,Default,Default,Default,Default,Default,Default,Default,Default,Default,Default,Default,Default,Default,Default,Default,Default,Default,Default,DefaultJob,,1,Workload,Actual,5,698421700,2097152,333.03,14,0,0,112
SerializationBenchmark.Deserialize_JsonSerializer,KeyValueStore.Benchmarks,SerializationBenchmark,Deserialize_JsonSerializer,DefaultJob,Default,Default,Default,Default,Default,Default,Default,Default,Default,Default,Default,Default,Default,Default,Default,Default,Default,Default,Default,Default,Default,Default,Default,Default,Default,Default,Default,Default,Default,Default,Default,Default,Default,Default,Default,Default,Default,Default,Default,Default,Default,Default,DefaultJob,,1,Workload,Actual,6,703017300,2097152,335.22,14,0,0,112
SerializationBenchmark.Deserialize_JsonSerializer,KeyValueStore.Benchmarks,SerializationBenchmark,Deserialize_JsonSerializer,DefaultJob,Default,Default,Default,Default,Default,Default,Default,Default,Default,Default,Default,Default,Default,Default,Default,Default,Default,Default,Default,Default,Default,Default,Default,Default,Default,Default,Default,Default,Default,Default,Default,Default,Default,Default,Default,Default,Default,Default,Default,Default,Default,Default,DefaultJob,,1,Workload,Actual,7,698753000,2097152,333.19,14,0,0,112
SerializationBenchmark.Deserialize_JsonSerializer,KeyValueStore.Benchmarks,SerializationBenchmark,Deserialize_JsonSerializer,DefaultJob,Default,Default,Default,Default,Default,Default,Default,Default,Default,Default,Default,Default,Default,Default,Default,Default,Default,Default,Default,Default,Default,Default,Default,Default,Default,Default,Default,Default,Default,Default,Default,Default,Default,Default,Default,Default,Default,Default,Default,Default,Default,Default,DefaultJob,,1,Workload,Actual,8,697182600,2097152,332.44,14,0,0,112
SerializationBenchmark.Deserialize_JsonSerializer,KeyValueStore.Benchmarks,SerializationBenchmark,Deserialize_JsonSerializer,DefaultJob,Default,Default,Default,Default,Default,Default,Default,Default,Default,Default,Default,Default,Default,Default,Default,Default,Default,Default,Default,Default,Default,Default,Default,Default,Default,Default,Default,Default,Default,Default,Default,Default,Default,Default,Default,Default,Default,Default,Default,Default,Default,Default,DefaultJob,,1,Workload,Actual,9,698569700,2097152,333.1,14,0,0,112
SerializationBenchmark.Deserialize_JsonSerializer,KeyValueStore.Benchmarks,SerializationBenchmark,Deserialize_JsonSerializer,DefaultJob,Default,Default,Default,Default,Default,Default,Default,Default,Default,Default,Default,Default,Default,Default,Default,Default,Default,Default,Default,Default,Default,Default,Default,Default,Default,Default,Default,Default,Default,Default,Default,Default,Default,Default,Default,Default,Default,Default,Default,Default,Default,Default,DefaultJob,,1,Workload,Actual,10,701465400,2097152,334.48,14,0,0,112
SerializationBenchmark.Deserialize_JsonSerializer,KeyValueStore.Benchmarks,SerializationBenchmark,Deserialize_JsonSerializer,DefaultJob,Default,Default,Default,Default,Default,Default,Default,Default,Default,Default,Default,Default,Default,Default,Default,Default,Default,Default,Default,Default,Default,Default,Default,Default,Default,Default,Default,Default,Default,Default,Default,Default,Default,Default,Default,Default,Default,Default,Default,Default,Default,Default,DefaultJob,,1,Workload,Actual,11,698346500,2097152,333,14,0,0,112
SerializationBenchmark.Deserialize_JsonSerializer,KeyValueStore.Benchmarks,SerializationBenchmark,Deserialize_JsonSerializer,DefaultJob,Default,Default,Default,Default,Default,Default,Default,Default,Default,Default,Default,Default,Default,Default,Default,Default,Default,Default,Default,Default,Default,Default,Default,Default,Default,Default,Default,Default,Default,Default,Default,Default,Default,Default,Default,Default,Default,Default,Default,Default,Default,Default,DefaultJob,,1,Workload,Actual,12,701291800,2097152,334.4,14,0,0,112
SerializationBenchmark.Deserialize_JsonSerializer,KeyValueStore.Benchmarks,SerializationBenchmark,Deserialize_JsonSerializer,DefaultJob,Default,Default,Default,Default,Default,Default,Default,Default,Default,Default,Default,Default,Default,Default,Default,Default,Default,Default,Default,Default,Default,Default,Default,Default,Default,Default,Default,Default,Default,Default,Default,Default,Default,Default,Default,Default,Default,Default,Default,Default,Default,Default,DefaultJob,,1,Workload,Actual,13,702231100,2097152,334.85,14,0,0,112
SerializationBenchmark.Deserialize_JsonSerializer,KeyValueStore.Benchmarks,SerializationBenchmark,Deserialize_JsonSerializer,DefaultJob,Default,Default,Default,Default,Default,Default,Default,Default,Default,Default,Default,Default,Default,Default,Default,Default,Default,Default,Default,Default,Default,Default,Default,Default,Default,Default,Default,Default,Default,Default,Default,Default,Default,Default,Default,Default,Default,Default,Default,Default,Default,Default,DefaultJob,,1,Workload,Actual,14,705270200,2097152,336.3,14,0,0,112
SerializationBenchmark.Deserialize_JsonSerializer,KeyValueStore.Benchmarks,SerializationBenchmark,Deserialize_JsonSerializer,DefaultJob,Default,Default,Default,Default,Default,Default,Default,Default,Default,Default,Default,Default,Default,Default,Default,Default,Default,Default,Default,Default,Default,Default,Default,Default,Default,Default,Default,Default,Default,Default,Default,Default,Default,Default,Default,Default,Default,Default,Default,Default,Default,Default,DefaultJob,,1,Workload,Actual,15,708617300,2097152,337.9,14,0,0,112
SerializationBenchmark.Deserialize_JsonSerializer,KeyValueStore.Benchmarks,SerializationBenchmark,Deserialize_JsonSerializer,DefaultJob,Default,Default,Default,Default,Default,Default,Default,Default,Default,Default,Default,Default,Default,Default,Default,Default,Default,Default,Default,Default,Default,Default,Default,Default,Default,Default,Default,Default,Default,Default,Default,Default,Default,Default,Default,Default,Default,Default,Default,Default,Default,Default,DefaultJob,,1,Workload,Result,1,694335700,2097152,331.09,14,0,0,112
SerializationBenchmark.Deserialize_JsonSerializer,KeyValueStore.Benchmarks,SerializationBenchmark,Deserialize_JsonSerializer,DefaultJob,Default,Default,Default,Default,Default,Default,Default,Default,Default,Default,Default,Default,Default,Default,Default,Default,Default,Default,Default,Default,Default,Default,Default,Default,Default,Default,Default,Default,Default,Default,Default,Default,Default,Default,Default,Default,Default,Default,Default,Default,Default,Default,DefaultJob,,1,Workload,Result,2,692722300,2097152,330.32,14,0,0,112
SerializationBenchmark.Deserialize_JsonSerializer,KeyValueStore.Benchmarks,SerializationBenchmark,Deserialize_JsonSerializer,DefaultJob,Default,Default,Default,Default,Default,Default,Default,Default,Default,Default,Default,Default,Default,Default,Default,Default,Default,Default,Default,Default,Default,Default,Default,Default,Default,Default,Default,Default,Default,Default,Default,Default,Default,Default,Default,Default,Default,Default,Default,Default,Default,Default,DefaultJob,,1,Workload,Result,3,693583900,2097152,330.73,14,0,0,112
SerializationBenchmark.Deserialize_JsonSerializer,KeyValueStore.Benchmarks,SerializationBenchmark,Deserialize_JsonSerializer,DefaultJob,Default,Default,Default,Default,Default,Default,Default,Default,Default,Default,Default,Default,Default,Default,Default,Default,Default,Default,Default,Default,Default,Default,Default,Default,Default,Default,Default,Default,Default,Default,Default,Default,Default,Default,Default,Default,Default,Default,Default,Default,Default,Default,DefaultJob,,1,Workload,Result,4,698179500,2097152,332.92,14,0,0,112
SerializationBenchmark.Deserialize_JsonSerializer,KeyValueStore.Benchmarks,SerializationBenchmark,Deserialize_JsonSerializer,DefaultJob,Default,Default,Default,Default,Default,Default,Default,Default,Default,Default,Default,Default,Default,Default,Default,Default,Default,Default,Default,Default,Default,Default,Default,Default,Default,Default,Default,Default,Default,Default,Default,Default,Default,Default,Default,Default,Default,Default,Default,Default,Default,Default,DefaultJob,,1,Workload,Result,5,693915200,2097152,330.88,14,0,0,112
SerializationBenchmark.Deserialize_JsonSerializer,KeyValueStore.Benchmarks,SerializationBenchmark,Deserialize_JsonSerializer,DefaultJob,Default,Default,Default,Default,Default,Default,Default,Default,Default,Default,Default,Default,Default,Default,Default,Default,Default,Default,Default,Default,Default,Default,Default,Default,Default,Default,Default,Default,Default,Default,Default,Default,Default,Default,Default,Default,Default,Default,Default,Default,Default,Default,DefaultJob,,1,Workload,Result,6,692344800,2097152,330.14,14,0,0,112
SerializationBenchmark.Deserialize_JsonSerializer,KeyValueStore.Benchmarks,SerializationBenchmark,Deserialize_JsonSerializer,DefaultJob,Default,Default,Default,Default,Default,Default,Default,Default,Default,Default,Default,Default,Default,Default,Default,Default,Default,Default,Default,Default,Default,Default,Default,Default,Default,Default,Default,Default,Default,Default,Default,Default,Default,Default,Default,Default,Default,Default,Default,Default,Default,Default,DefaultJob,,1,Workload,Result,7,693731900,2097152,330.8,14,0,0,112
SerializationBenchmark.Deserialize_JsonSerializer,KeyValueStore.Benchmarks,SerializationBenchmark,Deserialize_JsonSerializer,DefaultJob,Default,Default,Default,Default,Default,Default,Default,Default,Default,Default,Default,Default,Default,Default,Default,Default,Default,Default,Default,Default,Default,Default,Default,Default,Default,Default,Default,Default,Default,Default,Default,Default,Default,Default,Default,Default,Default,Default,Default,Default,Default,Default,DefaultJob,,1,Workload,Result,8,696627600,2097152,332.18,14,0,0,112
SerializationBenchmark.Deserialize_JsonSerializer,KeyValueStore.Benchmarks,SerializationBenchmark,Deserialize_JsonSerializer,DefaultJob,Default,Default,Default,Default,Default,Default,Default,Default,Default,Default,Default,Default,Default,Default,Default,Default,Default,Default,Default,Default,Default,Default,Default,Default,Default,Default,Default,Default,Default,Default,Default,Default,Default,Default,Default,Default,Default,Default,Default,Default,Default,Default,DefaultJob,,1,Workload,Result,9,693508700,2097152,330.69,14,0,0,112
SerializationBenchmark.Deserialize_JsonSerializer,KeyValueStore.Benchmarks,SerializationBenchmark,Deserialize_JsonSerializer,DefaultJob,Default,Default,Default,Default,Default,Default,Default,Default,Default,Default,Default,Default,Default,Default,Default,Default,Default,Default,Default,Default,Default,Default,Default,Default,Default,Default,Default,Default,Default,Default,Default,Default,Default,Default,Default,Default,Default,Default,Default,Default,Default,Default,DefaultJob,,1,Workload,Result,10,696454000,2097152,332.1,14,0,0,112
SerializationBenchmark.Deserialize_JsonSerializer,KeyValueStore.Benchmarks,SerializationBenchmark,Deserialize_JsonSerializer,DefaultJob,Default,Default,Default,Default,Default,Default,Default,Default,Default,Default,Default,Default,Default,Default,Default,Default,Default,Default,Default,Default,Default,Default,Default,Default,Default,Default,Default,Default,Default,Default,Default,Default,Default,Default,Default,Default,Default,Default,Default,Default,Default,Default,DefaultJob,,1,Workload,Result,11,697393300,2097152,332.54,14,0,0,112
SerializationBenchmark.Deserialize_JsonSerializer,KeyValueStore.Benchmarks,SerializationBenchmark,Deserialize_JsonSerializer,DefaultJob,Default,Default,Default,Default,Default,Default,Default,Default,Default,Default,Default,Default,Default,Default,Default,Default,Default,Default,Default,Default,Default,Default,Default,Default,Default,Default,Default,Default,Default,Default,Default,Default,Default,Default,Default,Default,Default,Default,Default,Default,Default,Default,DefaultJob,,1,Workload,Result,12,700432400,2097152,333.99,14,0,0,112
SerializationBenchmark.Deserialize_JsonSerializer,KeyValueStore.Benchmarks,SerializationBenchmark,Deserialize_JsonSerializer,DefaultJob,Default,Default,Default,Default,Default,Default,Default,Default,Default,Default,Default,Default,Default,Default,Default,Default,Default,Default,Default,Default,Default,Default,Default,Default,Default,Default,Default,Default,Default,Default,Default,Default,Default,Default,Default,Default,Default,Default,Default,Default,Default,Default,DefaultJob,,1,Workload,Result,13,703779500,2097152,335.59,14,0,0,112
SerializationBenchmark.Deserialize_BinaryGenerated,KeyValueStore.Benchmarks,SerializationBenchmark,Deserialize_BinaryGenerated,DefaultJob,Default,Default,Default,Default,Default,Default,Default,Default,Default,Default,Default,Default,Default,Default,Default,Default,Default,Default,Default,Default,Default,Default,Default,Default,Default,Default,Default,Default,Default,Default,Default,Default,Default,Default,Default,Default,Default,Default,Default,Default,Default,Default,DefaultJob,,1,Overhead,Jitting,1,149800,1,149800,417,0,0,416
SerializationBenchmark.Deserialize_BinaryGenerated,KeyValueStore.Benchmarks,SerializationBenchmark,Deserialize_BinaryGenerated,DefaultJob,Default,Default,Default,Default,Default,Default,Default,Default,Default,Default,Default,Default,Default,Default,Default,Default,Default,Default,Default,Default,Default,Default,Default,Default,Default,Default,Default,Default,Default,Default,Default,Default,Default,Default,Default,Default,Default,Default,Default,Default,Default,Default,DefaultJob,,1,Workload,Jitting,1,696400,1,696400,417,0,0,416
SerializationBenchmark.Deserialize_BinaryGenerated,KeyValueStore.Benchmarks,SerializationBenchmark,Deserialize_BinaryGenerated,DefaultJob,Default,Default,Default,Default,Default,Default,Default,Default,Default,Default,Default,Default,Default,Default,Default,Default,Default,Default,Default,Default,Default,Default,Default,Default,Default,Default,Default,Default,Default,Default,Default,Default,Default,Default,Default,Default,Default,Default,Default,Default,Default,Default,DefaultJob,,1,Overhead,Jitting,2,312800,16,19550,417,0,0,416
SerializationBenchmark.Deserialize_BinaryGenerated,KeyValueStore.Benchmarks,SerializationBenchmark,Deserialize_BinaryGenerated,DefaultJob,Default,Default,Default,Default,Default,Default,Default,Default,Default,Default,Default,Default,Default,Default,Default,Default,Default,Default,Default,Default,Default,Default,Default,Default,Default,Default,Default,Default,Default,Default,Default,Default,Default,Default,Default,Default,Default,Default,Default,Default,Default,Default,DefaultJob,,1,Workload,Jitting,2,442200,16,27637.5,417,0,0,416
SerializationBenchmark.Deserialize_BinaryGenerated,KeyValueStore.Benchmarks,SerializationBenchmark,Deserialize_BinaryGenerated,DefaultJob,Default,Default,Default,Default,Default,Default,Default,Default,Default,Default,Default,Default,Default,Default,Default,Default,Default,Default,Default,Default,Default,Default,Default,Default,Default,Default,Default,Default,Default,Default,Default,Default,Default,Default,Default,Default,Default,Default,Default,Default,Default,Default,DefaultJob,,1,Workload,Pilot,1,5700,16,356.25,417,0,0,416
SerializationBenchmark.Deserialize_BinaryGenerated,KeyValueStore.Benchmarks,SerializationBenchmark,Deserialize_BinaryGenerated,DefaultJob,Default,Default,Default,Default,Default,Default,Default,Default,Default,Default,Default,Default,Default,Default,Default,Default,Default,Default,Default,Default,Default,Default,Default,Default,Default,Default,Default,Default,Default,Default,Default,Default,Default,Default,Default,Default,Default,Default,Default,Default,Default,Default,DefaultJob,,1,Workload,Pilot,2,11700,32,365.63,417,0,0,416
SerializationBenchmark.Deserialize_BinaryGenerated,KeyValueStore.Benchmarks,SerializationBenchmark,Deserialize_BinaryGenerated,DefaultJob,Default,Default,Default,Default,Default,Default,Default,Default,Default,Default,Default,Default,Default,Default,Default,Default,Default,Default,Default,Default,Default,Default,Default,Default,Default,Default,Default,Default,Default,Default,Default,Default,Default,Default,Default,Default,Default,Default,Default,Default,Default,Default,DefaultJob,,1,Workload,Pilot,3,29200,64,456.25,417,0,0,416
SerializationBenchmark.Deserialize_BinaryGenerated,KeyValueStore.Benchmarks,SerializationBenchmark,Deserialize_BinaryGenerated,DefaultJob,Default,Default,Default,Default,Default,Default,Default,Default,Default,Default,Default,Default,Default,Default,Default,Default,Default,Default,Default,Default,Default,Default,Default,Default,Default,Default,Default,Default,Default,Default,Default,Default,Default,Default,Default,Default,Default,Default,Default,Default,Default,Default,DefaultJob,,1,Workload,Pilot,4,42400,128,331.25,417,0,0,416
SerializationBenchmark.Deserialize_BinaryGenerated,KeyValueStore.Benchmarks,SerializationBenchmark,Deserialize_BinaryGenerated,DefaultJob,Default,Default,Default,Default,Default,Default,Default,Default,Default,Default,Default,Default,Default,Default,Default,Default,Default,Default,Default,Default,Default,Default,Default,Default,Default,Default,Default,Default,Default,Default,Default,Default,Default,Default,Default,Default,Default,Default,Default,Default,Default,Default,DefaultJob,,1,Workload,Pilot,5,80100,256,312.89,417,0,0,416
SerializationBenchmark.Deserialize_BinaryGenerated,KeyValueStore.Benchmarks,SerializationBenchmark,Deserialize_BinaryGenerated,DefaultJob,Default,Default,Default,Default,Default,Default,Default,Default,Default,Default,Default,Default,Default,Default,Default,Default,Default,Default,Default,Default,Default,Default,Default,Default,Default,Default,Default,Default,Default,Default,Default,Default,Default,Default,Default,Default,Default,Default,Default,Default,Default,Default,DefaultJob,,1,Workload,Pilot,6,148700,512,290.43,417,0,0,416
SerializationBenchmark.Deserialize_BinaryGenerated,KeyValueStore.Benchmarks,SerializationBenchmark,Deserialize_BinaryGenerated,DefaultJob,Default,Default,Default,Default,Default,Default,Default,Default,Default,Default,Default,Default,Default,Default,Default,Default,Default,Default,Default,Default,Default,Default,Default,Default,Default,Default,Default,Default,Default,Default,Default,Default,Default,Default,Default,Default,Default,Default,Default,Default,Default,Default,DefaultJob,,1,Workload,Pilot,7,204100,1024,199.32,417,0,0,416
SerializationBenchmark.Deserialize_BinaryGenerated,KeyValueStore.Benchmarks,SerializationBenchmark,Deserialize_BinaryGenerated,DefaultJob,Default,Default,Default,Default,Default,Default,Default,Default,Default,Default,Default,Default,Default,Default,Default,Default,Default,Default,Default,Default,Default,Default,Default,Default,Default,Default,Default,Default,Default,Default,Default,Default,Default,Default,Default,Default,Default,Default,Default,Default,Default,Default,DefaultJob,,1,Workload,Pilot,8,477800,2048,233.3,417,0,0,416
SerializationBenchmark.Deserialize_BinaryGenerated,KeyValueStore.Benchmarks,SerializationBenchmark,Deserialize_BinaryGenerated,DefaultJob,Default,Default,Default,Default,Default,Default,Default,Default,Default,Default,Default,Default,Default,Default,Default,Default,Default,Default,Default,Default,Default,Default,Default,Default,Default,Default,Default,Default,Default,Default,Default,Default,Default,Default,Default,Default,Default,Default,Default,Default,Default,Default,DefaultJob,,1,Workload,Pilot,9,938600,4096,229.15,417,0,0,416
SerializationBenchmark.Deserialize_BinaryGenerated,KeyValueStore.Benchmarks,SerializationBenchmark,Deserialize_BinaryGenerated,DefaultJob,Default,Default,Default,Default,Default,Default,Default,Default,Default,Default,Default,Default,Default,Default,Default,Default,Default,Default,Default,Default,Default,Default,Default,Default,Default,Default,Default,Default,Default,Default,Default,Default,Default,Default,Default,Default,Default,Default,Default,Default,Default,Default,DefaultJob,,1,Workload,Pilot,10,1953800,8192,238.5,417,0,0,416
SerializationBenchmark.Deserialize_BinaryGenerated,KeyValueStore.Benchmarks,SerializationBenchmark,Deserialize_BinaryGenerated,DefaultJob,Default,Default,Default,Default,Default,Default,Default,Default,Default,Default,Default,Default,Default,Default,Default,Default,Default,Default,Default,Default,Default,Default,Default,Default,Default,Default,Default,Default,Default,Default,Default,Default,Default,Default,Default,Default,Default,Default,Default,Default,Default,Default,DefaultJob,,1,Workload,Pilot,11,3600500,16384,219.76,417,0,0,416
SerializationBenchmark.Deserialize_BinaryGenerated,KeyValueStore.Benchmarks,SerializationBenchmark,Deserialize_BinaryGenerated,DefaultJob,Default,Default,Default,Default,Default,Default,Default,Default,Default,Default,Default,Default,Default,Default,Default,Default,Default,Default,Default,Default,Default,Default,Default,Default,Default,Default,Default,Default,Default,Default,Default,Default,Default,Default,Default,Default,Default,Default,Default,Default,Default,Default,DefaultJob,,1,Workload,Pilot,12,7468800,32768,227.93,417,0,0,416
SerializationBenchmark.Deserialize_BinaryGenerated,KeyValueStore.Benchmarks,SerializationBenchmark,Deserialize_BinaryGenerated,DefaultJob,Default,Default,Default,Default,Default,Default,Default,Default,Default,Default,Default,Default,Default,Default,Default,Default,Default,Default,Default,Default,Default,Default,Default,Default,Default,Default,Default,Default,Default,Default,Default,Default,Default,Default,Default,Default,Default,Default,Default,Default,Default,Default,DefaultJob,,1,Workload,Pilot,13,12328100,65536,188.11,417,0,0,416
SerializationBenchmark.Deserialize_BinaryGenerated,KeyValueStore.Benchmarks,SerializationBenchmark,Deserialize_BinaryGenerated,DefaultJob,Default,Default,Default,Default,Default,Default,Default,Default,Default,Default,Default,Default,Default,Default,Default,Default,Default,Default,Default,Default,Default,Default,Default,Default,Default,Default,Default,Default,Default,Default,Default,Default,Default,Default,Default,Default,Default,Default,Default,Default,Default,Default,DefaultJob,,1,Workload,Pilot,14,21955800,131072,167.51,417,0,0,416
SerializationBenchmark.Deserialize_BinaryGenerated,KeyValueStore.Benchmarks,SerializationBenchmark,Deserialize_BinaryGenerated,DefaultJob,Default,Default,Default,Default,Default,Default,Default,Default,Default,Default,Default,Default,Default,Default,Default,Default,Default,Default,Default,Default,Default,Default,Default,Default,Default,Default,Default,Default,Default,Default,Default,Default,Default,Default,Default,Default,Default,Default,Default,Default,Default,Default,DefaultJob,,1,Workload,Pilot,15,42420100,262144,161.82,417,0,0,416
SerializationBenchmark.Deserialize_BinaryGenerated,KeyValueStore.Benchmarks,SerializationBenchmark,Deserialize_BinaryGenerated,DefaultJob,Default,Default,Default,Default,Default,Default,Default,Default,Default,Default,Default,Default,Default,Default,Default,Default,Default,Default,Default,Default,Default,Default,Default,Default,Default,Default,Default,Default,Default,Default,Default,Default,Default,Default,Default,Default,Default,Default,Default,Default,Default,Default,DefaultJob,,1,Workload,Pilot,16,89251700,524288,170.23,417,0,0,416
SerializationBenchmark.Deserialize_BinaryGenerated,KeyValueStore.Benchmarks,SerializationBenchmark,Deserialize_BinaryGenerated,DefaultJob,Default,Default,Default,Default,Default,Default,Default,Default,Default,Default,Default,Default,Default,Default,Default,Default,Default,Default,Default,Default,Default,Default,Default,Default,Default,Default,Default,Default,Default,Default,Default,Default,Default,Default,Default,Default,Default,Default,Default,Default,Default,Default,DefaultJob,,1,Workload,Pilot,17,210037300,1048576,200.31,417,0,0,416
SerializationBenchmark.Deserialize_BinaryGenerated,KeyValueStore.Benchmarks,SerializationBenchmark,Deserialize_BinaryGenerated,DefaultJob,Default,Default,Default,Default,Default,Default,Default,Default,Default,Default,Default,Default,Default,Default,Default,Default,Default,Default,Default,Default,Default,Default,Default,Default,Default,Default,Default,Default,Default,Default,Default,Default,Default,Default,Default,Default,Default,Default,Default,Default,Default,Default,DefaultJob,,1,Workload,Pilot,18,105873400,2097152,50.48,417,0,0,416
SerializationBenchmark.Deserialize_BinaryGenerated,KeyValueStore.Benchmarks,SerializationBenchmark,Deserialize_BinaryGenerated,DefaultJob,Default,Default,Default,Default,Default,Default,Default,Default,Default,Default,Default,Default,Default,Default,Default,Default,Default,Default,Default,Default,Default,Default,Default,Default,Default,Default,Default,Default,Default,Default,Default,Default,Default,Default,Default,Default,Default,Default,Default,Default,Default,Default,DefaultJob,,1,Workload,Pilot,19,214645900,4194304,51.18,417,0,0,416
SerializationBenchmark.Deserialize_BinaryGenerated,KeyValueStore.Benchmarks,SerializationBenchmark,Deserialize_BinaryGenerated,DefaultJob,Default,Default,Default,Default,Default,Default,Default,Default,Default,Default,Default,Default,Default,Default,Default,Default,Default,Default,Default,Default,Default,Default,Default,Default,Default,Default,Default,Default,Default,Default,Default,Default,Default,Default,Default,Default,Default,Default,Default,Default,Default,Default,DefaultJob,,1,Workload,Pilot,20,412880000,8388608,49.22,417,0,0,416
SerializationBenchmark.Deserialize_BinaryGenerated,KeyValueStore.Benchmarks,SerializationBenchmark,Deserialize_BinaryGenerated,DefaultJob,Default,Default,Default,Default,Default,Default,Default,Default,Default,Default,Default,Default,Default,Default,Default,Default,Default,Default,Default,Default,Default,Default,Default,Default,Default,Default,Default,Default,Default,Default,Default,Default,Default,Default,Default,Default,Default,Default,Default,Default,Default,Default,DefaultJob,,1,Workload,Pilot,21,819388700,16777216,48.84,417,0,0,416
SerializationBenchmark.Deserialize_BinaryGenerated,KeyValueStore.Benchmarks,SerializationBenchmark,Deserialize_BinaryGenerated,DefaultJob,Default,Default,Default,Default,Default,Default,Default,Default,Default,Default,Default,Default,Default,Default,Default,Default,Default,Default,Default,Default,Default,Default,Default,Default,Default,Default,Default,Default,Default,Default,Default,Default,Default,Default,Default,Default,Default,Default,Default,Default,Default,Default,DefaultJob,,1,Overhead,Warmup,1,38415700,16777216,2.29,417,0,0,416
SerializationBenchmark.Deserialize_BinaryGenerated,KeyValueStore.Benchmarks,SerializationBenchmark,Deserialize_BinaryGenerated,DefaultJob,Default,Default,Default,Default,Default,Default,Default,Default,Default,Default,Default,Default,Default,Default,Default,Default,Default,Default,Default,Default,Default,Default,Default,Default,Default,Default,Default,Default,Default,Default,Default,Default,Default,Default,Default,Default,Default,Default,Default,Default,Default,Default,DefaultJob,,1,Overhead,Warmup,2,38207600,16777216,2.28,417,0,0,416
SerializationBenchmark.Deserialize_BinaryGenerated,KeyValueStore.Benchmarks,SerializationBenchmark,Deserialize_BinaryGenerated,DefaultJob,Default,Default,Default,Default,Default,Default,Default,Default,Default,Default,Default,Default,Default,Default,Default,Default,Default,Default,Default,Default,Default,Default,Default,Default,Default,Default,Default,Default,Default,Default,Default,Default,Default,Default,Default,Default,Default,Default,Default,Default,Default,Default,DefaultJob,,1,Overhead,Warmup,3,38987400,16777216,2.32,417,0,0,416
SerializationBenchmark.Deserialize_BinaryGenerated,KeyValueStore.Benchmarks,SerializationBenchmark,Deserialize_BinaryGenerated,DefaultJob,Default,Default,Default,Default,Default,Default,Default,Default,Default,Default,Default,Default,Default,Default,Default,Default,Default,Default,Default,Default,Default,Default,Default,Default,Default,Default,Default,Default,Default,Default,Default,Default,Default,Default,Default,Default,Default,Default,Default,Default,Default,Default,DefaultJob,,1,Overhead,Warmup,4,38167500,16777216,2.27,417,0,0,416
SerializationBenchmark.Deserialize_BinaryGenerated,KeyValueStore.Benchmarks,SerializationBenchmark,Deserialize_BinaryGenerated,DefaultJob,Default,Default,Default,Default,Default,Default,Default,Default,Default,Default,Default,Default,Default,Default,Default,Default,Default,Default,Default,Default,Default,Default,Default,Default,Default,Default,Default,Default,Default,Default,Default,Default,Default,Default,Default,Default,Default,Default,Default,Default,Default,Default,DefaultJob,,1,Overhead,Warmup,5,38484800,16777216,2.29,417,0,0,416
SerializationBenchmark.Deserialize_BinaryGenerated,KeyValueStore.Benchmarks,SerializationBenchmark,Deserialize_BinaryGenerated,DefaultJob,Default,Default,Default,Default,Default,Default,Default,Default,Default,Default,Default,Default,Default,Default,Default,Default,Default,Default,Default,Default,Default,Default,Default,Default,Default,Default,Default,Default,Default,Default,Default,Default,Default,Default,Default,Default,Default,Default,Default,Default,Default,Default,DefaultJob,,1,Overhead,Warmup,6,38402500,16777216,2.29,417,0,0,416
SerializationBenchmark.Deserialize_BinaryGenerated,KeyValueStore.Benchmarks,SerializationBenchmark,Deserialize_BinaryGenerated,DefaultJob,Default,Default,Default,Default,Default,Default,Default,Default,Default,Default,Default,Default,Default,Default,Default,Default,Default,Default,Default,Default,Default,Default,Default,Default,Default,Default,Default,Default,Default,Default,Default,Default,Default,Default,Default,Default,Default,Default,Default,Default,Default,Default,DefaultJob,,1,Overhead,Actual,1,38981700,16777216,2.32,417,0,0,416
SerializationBenchmark.Deserialize_BinaryGenerated,KeyValueStore.Benchmarks,SerializationBenchmark,Deserialize_BinaryGenerated,DefaultJob,Default,Default,Default,Default,Default,Default,Default,Default,Default,Default,Default,Default,Default,Default,Default,Default,Default,Default,Default,Default,Default,Default,Default,Default,Default,Default,Default,Default,Default,Default,Default,Default,Default,Default,Default,Default,Default,Default,Default,Default,Default,Default,DefaultJob,,1,Overhead,Actual,2,38172000,16777216,2.28,417,0,0,416
SerializationBenchmark.Deserialize_BinaryGenerated,KeyValueStore.Benchmarks,SerializationBenchmark,Deserialize_BinaryGenerated,DefaultJob,Default,Default,Default,Default,Default,Default,Default,Default,Default,Default,Default,Default,Default,Default,Default,Default,Default,Default,Default,Default,Default,Default,Default,Default,Default,Default,Default,Default,Default,Default,Default,Default,Default,Default,Default,Default,Default,Default,Default,Default,Default,Default,DefaultJob,,1,Overhead,Actual,3,38100500,16777216,2.27,417,0,0,416
SerializationBenchmark.Deserialize_BinaryGenerated,KeyValueStore.Benchmarks,SerializationBenchmark,Deserialize_BinaryGenerated,DefaultJob,Default,Default,Default,Default,Default,Default,Default,Default,Default,Default,Default,Default,Default,Default,Default,Default,Default,Default,Default,Default,Default,Default,Default,Default,Default,Default,Default,Default,Default,Default,Default,Default,Default,Default,Default,Default,Default,Default,Default,Default,Default,Default,DefaultJob,,1,Overhead,Actual,4,38829700,16777216,2.31,417,0,0,416
SerializationBenchmark.Deserialize_BinaryGenerated,KeyValueStore.Benchmarks,SerializationBenchmark,Deserialize_BinaryGenerated,DefaultJob,Default,Default,Default,Default,Default,Default,Default,Default,Default,Default,Default,Default,Default,Default,Default,Default,Default,Default,Default,Default,Default,Default,Default,Default,Default,Default,Default,Default,Default,Default,Default,Default,Default,Default,Default,Default,Default,Default,Default,Default,Default,Default,DefaultJob,,1,Overhead,Actual,5,38202100,16777216,2.28,417,0,0,416
SerializationBenchmark.Deserialize_BinaryGenerated,KeyValueStore.Benchmarks,SerializationBenchmark,Deserialize_BinaryGenerated,DefaultJob,Default,Default,Default,Default,Default,Default,Default,Default,Default,Default,Default,Default,Default,Default,Default,Default,Default,Default,Default,Default,Default,Default,Default,Default,Default,Default,Default,Default,Default,Default,Default,Default,Default,Default,Default,Default,Default,Default,Default,Default,Default,Default,DefaultJob,,1,Overhead,Actual,6,38741000,16777216,2.31,417,0,0,416
SerializationBenchmark.Deserialize_BinaryGenerated,KeyValueStore.Benchmarks,SerializationBenchmark,Deserialize_BinaryGenerated,DefaultJob,Default,Default,Default,Default,Default,Default,Default,Default,Default,Default,Default,Default,Default,Default,Default,Default,Default,Default,Default,Default,Default,Default,Default,Default,Default,Default,Default,Default,Default,Default,Default,Default,Default,Default,Default,Default,Default,Default,Default,Default,Default,Default,DefaultJob,,1,Overhead,Actual,7,38531000,16777216,2.3,417,0,0,416
SerializationBenchmark.Deserialize_BinaryGenerated,KeyValueStore.Benchmarks,SerializationBenchmark,Deserialize_BinaryGenerated,DefaultJob,Default,Default,Default,Default,Default,Default,Default,Default,Default,Default,Default,Default,Default,Default,Default,Default,Default,Default,Default,Default,Default,Default,Default,Default,Default,Default,Default,Default,Default,Default,Default,Default,Default,Default,Default,Default,Default,Default,Default,Default,Default,Default,DefaultJob,,1,Overhead,Actual,8,39471800,16777216,2.35,417,0,0,416
SerializationBenchmark.Deserialize_BinaryGenerated,KeyValueStore.Benchmarks,SerializationBenchmark,Deserialize_BinaryGenerated,DefaultJob,Default,Default,Default,Default,Default,Default,Default,Default,Default,Default,Default,Default,Default,Default,Default,Default,Default,Default,Default,Default,Default,Default,Default,Default,Default,Default,Default,Default,Default,Default,Default,Default,Default,Default,Default,Default,Default,Default,Default,Default,Default,Default,DefaultJob,,1,Overhead,Actual,9,37357400,16777216,2.23,417,0,0,416
SerializationBenchmark.Deserialize_BinaryGenerated,KeyValueStore.Benchmarks,SerializationBenchmark,Deserialize_BinaryGenerated,DefaultJob,Default,Default,Default,Default,Default,Default,Default,Default,Default,Default,Default,Default,Default,Default,Default,Default,Default,Default,Default,Default,Default,Default,Default,Default,Default,Default,Default,Default,Default,Default,Default,Default,Default,Default,Default,Default,Default,Default,Default,Default,Default,Default,DefaultJob,,1,Overhead,Actual,10,31385500,16777216,1.87,417,0,0,416
SerializationBenchmark.Deserialize_BinaryGenerated,KeyValueStore.Benchmarks,SerializationBenchmark,Deserialize_BinaryGenerated,DefaultJob,Default,Default,Default,Default,Default,Default,Default,Default,Default,Default,Default,Default,Default,Default,Default,Default,Default,Default,Default,Default,Default,Default,Default,Default,Default,Default,Default,Default,Default,Default,Default,Default,Default,Default,Default,Default,Default,Default,Default,Default,Default,Default,DefaultJob,,1,Overhead,Actual,11,35397300,16777216,2.11,417,0,0,416
SerializationBenchmark.Deserialize_BinaryGenerated,KeyValueStore.Benchmarks,SerializationBenchmark,Deserialize_BinaryGenerated,DefaultJob,Default,Default,Default,Default,Default,Default,Default,Default,Default,Default,Default,Default,Default,Default,Default,Default,Default,Default,Default,Default,Default,Default,Default,Default,Default,Default,Default,Default,Default,Default,Default,Default,Default,Default,Default,Default,Default,Default,Default,Default,Default,Default,DefaultJob,,1,Overhead,Actual,12,31540800,16777216,1.88,417,0,0,416
SerializationBenchmark.Deserialize_BinaryGenerated,KeyValueStore.Benchmarks,SerializationBenchmark,Deserialize_BinaryGenerated,DefaultJob,Default,Default,Default,Default,Default,Default,Default,Default,Default,Default,Default,Default,Default,Default,Default,Default,Default,Default,Default,Default,Default,Default,Default,Default,Default,Default,Default,Default,Default,Default,Default,Default,Default,Default,Default,Default,Default,Default,Default,Default,Default,Default,DefaultJob,,1,Overhead,Actual,13,31665000,16777216,1.89,417,0,0,416
SerializationBenchmark.Deserialize_BinaryGenerated,KeyValueStore.Benchmarks,SerializationBenchmark,Deserialize_BinaryGenerated,DefaultJob,Default,Default,Default,Default,Default,Default,Default,Default,Default,Default,Default,Default,Default,Default,Default,Default,Default,Default,Default,Default,Default,Default,Default,Default,Default,Default,Default,Default,Default,Default,Default,Default,Default,Default,Default,Default,Default,Default,Default,Default,Default,Default,DefaultJob,,1,Overhead,Actual,14,31557800,16777216,1.88,417,0,0,416
SerializationBenchmark.Deserialize_BinaryGenerated,KeyValueStore.Benchmarks,SerializationBenchmark,Deserialize_BinaryGenerated,DefaultJob,Default,Default,Default,Default,Default,Default,Default,Default,Default,Default,Default,Default,Default,Default,Default,Default,Default,Default,Default,Default,Default,Default,Default,Default,Default,Default,Default,Default,Default,Default,Default,Default,Default,Default,Default,Default,Default,Default,Default,Default,Default,Default,DefaultJob,,1,Overhead,Actual,15,32069700,16777216,1.91,417,0,0,416
SerializationBenchmark.Deserialize_BinaryGenerated,KeyValueStore.Benchmarks,SerializationBenchmark,Deserialize_BinaryGenerated,DefaultJob,Default,Default,Default,Default,Default,Default,Default,Default,Default,Default,Default,Default,Default,Default,Default,Default,Default,Default,Default,Default,Default,Default,Default,Default,Default,Default,Default,Default,Default,Default,Default,Default,Default,Default,Default,Default,Default,Default,Default,Default,Default,Default,DefaultJob,,1,Overhead,Actual,16,32143100,16777216,1.92,417,0,0,416
SerializationBenchmark.Deserialize_BinaryGenerated,KeyValueStore.Benchmarks,SerializationBenchmark,Deserialize_BinaryGenerated,DefaultJob,Default,Default,Default,Default,Default,Default,Default,Default,Default,Default,Default,Default,Default,Default,Default,Default,Default,Default,Default,Default,Default,Default,Default,Default,Default,Default,Default,Default,Default,Default,Default,Default,Default,Default,Default,Default,Default,Default,Default,Default,Default,Default,DefaultJob,,1,Overhead,Actual,17,32165600,16777216,1.92,417,0,0,416
SerializationBenchmark.Deserialize_BinaryGenerated,KeyValueStore.Benchmarks,SerializationBenchmark,Deserialize_BinaryGenerated,DefaultJob,Default,Default,Default,Default,Default,Default,Default,Default,Default,Default,Default,Default,Default,Default,Default,Default,Default,Default,Default,Default,Default,Default,Default,Default,Default,Default,Default,Default,Default,Default,Default,Default,Default,Default,Default,Default,Default,Default,Default,Default,Default,Default,DefaultJob,,1,Overhead,Actual,18,31509700,16777216,1.88,417,0,0,416
SerializationBenchmark.Deserialize_BinaryGenerated,KeyValueStore.Benchmarks,SerializationBenchmark,Deserialize_BinaryGenerated,DefaultJob,Default,Default,Default,Default,Default,Default,Default,Default,Default,Default,Default,Default,Default,Default,Default,Default,Default,Default,Default,Default,Default,Default,Default,Default,Default,Default,Default,Default,Default,Default,Default,Default,Default,Default,Default,Default,Default,Default,Default,Default,Default,Default,DefaultJob,,1,Overhead,Actual,19,31606900,16777216,1.88,417,0,0,416
SerializationBenchmark.Deserialize_BinaryGenerated,KeyValueStore.Benchmarks,SerializationBenchmark,Deserialize_BinaryGenerated,DefaultJob,Default,Default,Default,Default,Default,Default,Default,Default,Default,Default,Default,Default,Default,Default,Default,Default,Default,Default,Default,Default,Default,Default,Default,Default,Default,Default,Default,Default,Default,Default,Default,Default,Default,Default,Default,Default,Default,Default,Default,Default,Default,Default,DefaultJob,,1,Overhead,Actual,20,31742600,16777216,1.89,417,0,0,416
SerializationBenchmark.Deserialize_BinaryGenerated,KeyValueStore.Benchmarks,SerializationBenchmark,Deserialize_BinaryGenerated,DefaultJob,Default,Default,Default,Default,Default,Default,Default,Default,Default,Default,Default,Default,Default,Default,Default,Default,Default,Default,Default,Default,Default,Default,Default,Default,Default,Default,Default,Default,Default,Default,Default,Default,Default,Default,Default,Default,Default,Default,Default,Default,Default,Default,DefaultJob,,1,Workload,Warmup,1,866777100,16777216,51.66,417,0,0,416
SerializationBenchmark.Deserialize_BinaryGenerated,KeyValueStore.Benchmarks,SerializationBenchmark,Deserialize_BinaryGenerated,DefaultJob,Default,Default,Default,Default,Default,Default,Default,Default,Default,Default,Default,Default,Default,Default,Default,Default,Default,Default,Default,Default,Default,Default,Default,Default,Default,Default,Default,Default,Default,Default,Default,Default,Default,Default,Default,Default,Default,Default,Default,Default,Default,Default,DefaultJob,,1,Workload,Warmup,2,895748200,16777216,53.39,417,0,0,416
SerializationBenchmark.Deserialize_BinaryGenerated,KeyValueStore.Benchmarks,SerializationBenchmark,Deserialize_BinaryGenerated,DefaultJob,Default,Default,Default,Default,Default,Default,Default,Default,Default,Default,Default,Default,Default,Default,Default,Default,Default,Default,Default,Default,Default,Default,Default,Default,Default,Default,Default,Default,Default,Default,Default,Default,Default,Default,Default,Default,Default,Default,Default,Default,Default,Default,DefaultJob,,1,Workload,Warmup,3,839167400,16777216,50.02,417,0,0,416
SerializationBenchmark.Deserialize_BinaryGenerated,KeyValueStore.Benchmarks,SerializationBenchmark,Deserialize_BinaryGenerated,DefaultJob,Default,Default,Default,Default,Default,Default,Default,Default,Default,Default,Default,Default,Default,Default,Default,Default,Default,Default,Default,Default,Default,Default,Default,Default,Default,Default,Default,Default,Default,Default,Default,Default,Default,Default,Default,Default,Default,Default,Default,Default,Default,Default,DefaultJob,,1,Workload,Warmup,4,851701000,16777216,50.77,417,0,0,416
SerializationBenchmark.Deserialize_BinaryGenerated,KeyValueStore.Benchmarks,SerializationBenchmark,Deserialize_BinaryGenerated,DefaultJob,Default,Default,Default,Default,Default,Default,Default,Default,Default,Default,Default,Default,Default,Default,Default,Default,Default,Default,Default,Default,Default,Default,Default,Default,Default,Default,Default,Default,Default,Default,Default,Default,Default,Default,Default,Default,Default,Default,Default,Default,Default,Default,DefaultJob,,1,Workload,Warmup,5,838932100,16777216,50,417,0,0,416
SerializationBenchmark.Deserialize_BinaryGenerated,KeyValueStore.Benchmarks,SerializationBenchmark,Deserialize_BinaryGenerated,DefaultJob,Default,Default,Default,Default,Default,Default,Default,Default,Default,Default,Default,Default,Default,Default,Default,Default,Default,Default,Default,Default,Default,Default,Default,Default,Default,Default,Default,Default,Default,Default,Default,Default,Default,Default,Default,Default,Default,Default,Default,Default,Default,Default,DefaultJob,,1,Workload,Warmup,6,814555800,16777216,48.55,417,0,0,416
SerializationBenchmark.Deserialize_BinaryGenerated,KeyValueStore.Benchmarks,SerializationBenchmark,Deserialize_BinaryGenerated,DefaultJob,Default,Default,Default,Default,Default,Default,Default,Default,Default,Default,Default,Default,Default,Default,Default,Default,Default,Default,Default,Default,Default,Default,Default,Default,Default,Default,Default,Default,Default,Default,Default,Default,Default,Default,Default,Default,Default,Default,Default,Default,Default,Default,DefaultJob,,1,Workload,Actual,1,825846800,16777216,49.22,417,0,0,416
SerializationBenchmark.Deserialize_BinaryGenerated,KeyValueStore.Benchmarks,SerializationBenchmark,Deserialize_BinaryGenerated,DefaultJob,Default,Default,Default,Default,Default,Default,Default,Default,Default,Default,Default,Default,Default,Default,Default,Default,Default,Default,Default,Default,Default,Default,Default,Default,Default,Default,Default,Default,Default,Default,Default,Default,Default,Default,Default,Default,Default,Default,Default,Default,Default,Default,DefaultJob,,1,Workload,Actual,2,820374100,16777216,48.9,417,0,0,416
SerializationBenchmark.Deserialize_BinaryGenerated,KeyValueStore.Benchmarks,SerializationBenchmark,Deserialize_BinaryGenerated,DefaultJob,Default,Default,Default,Default,Default,Default,Default,Default,Default,Default,Default,Default,Default,Default,Default,Default,Default,Default,Default,Default,Default,Default,Default,Default,Default,Default,Default,Default,Default,Default,Default,Default,Default,Default,Default,Default,Default,Default,Default,Default,Default,Default,DefaultJob,,1,Workload,Actual,3,819649800,16777216,48.85,417,0,0,416
SerializationBenchmark.Deserialize_BinaryGenerated,KeyValueStore.Benchmarks,SerializationBenchmark,Deserialize_BinaryGenerated,DefaultJob,Default,Default,Default,Default,Default,Default,Default,Default,Default,Default,Default,Default,Default,Default,Default,Default,Default,Default,Default,Default,Default,Default,Default,Default,Default,Default,Default,Default,Default,Default,Default,Default,Default,Default,Default,Default,Default,Default,Default,Default,Default,Default,DefaultJob,,1,Workload,Actual,4,822891200,16777216,49.05,417,0,0,416
SerializationBenchmark.Deserialize_BinaryGenerated,KeyValueStore.Benchmarks,SerializationBenchmark,Deserialize_BinaryGenerated,DefaultJob,Default,Default,Default,Default,Default,Default,Default,Default,Default,Default,Default,Default,Default,Default,Default,Default,Default,Default,Default,Default,Default,Default,Default,Default,Default,Default,Default,Default,Default,Default,Default,Default,Default,Default,Default,Default,Default,Default,Default,Default,Default,Default,DefaultJob,,1,Workload,Actual,5,829542200,16777216,49.44,417,0,0,416
SerializationBenchmark.Deserialize_BinaryGenerated,KeyValueStore.Benchmarks,SerializationBenchmark,Deserialize_BinaryGenerated,DefaultJob,Default,Default,Default,Default,Default,Default,Default,Default,Default,Default,Default,Default,Default,Default,Default,Default,Default,Default,Default,Default,Default,Default,Default,Default,Default,Default,Default,Default,Default,Default,Default,Default,Default,Default,Default,Default,Default,Default,Default,Default,Default,Default,DefaultJob,,1,Workload,Actual,6,821053000,16777216,48.94,417,0,0,416
SerializationBenchmark.Deserialize_BinaryGenerated,KeyValueStore.Benchmarks,SerializationBenchmark,Deserialize_BinaryGenerated,DefaultJob,Default,Default,Default,Default,Default,Default,Default,Default,Default,Default,Default,Default,Default,Default,Default,Default,Default,Default,Default,Default,Default,Default,Default,Default,Default,Default,Default,Default,Default,Default,Default,Default,Default,Default,Default,Default,Default,Default,Default,Default,Default,Default,DefaultJob,,1,Workload,Actual,7,824454400,16777216,49.14,417,0,0,416
SerializationBenchmark.Deserialize_BinaryGenerated,KeyValueStore.Benchmarks,SerializationBenchmark,Deserialize_BinaryGenerated,DefaultJob,Default,Default,Default,Default,Default,Default,Default,Default,Default,Default,Default,Default,Default,Default,Default,Default,Default,Default,Default,Default,Default,Default,Default,Default,Default,Default,Default,Default,Default,Default,Default,Default,Default,Default,Default,Default,Default,Default,Default,Default,Default,Default,DefaultJob,,1,Workload,Actual,8,821397100,16777216,48.96,417,0,0,416
SerializationBenchmark.Deserialize_BinaryGenerated,KeyValueStore.Benchmarks,SerializationBenchmark,Deserialize_BinaryGenerated,DefaultJob,Default,Default,Default,Default,Default,Default,Default,Default,Default,Default,Default,Default,Default,Default,Default,Default,Default,Default,Default,Default,Default,Default,Default,Default,Default,Default,Default,Default,Default,Default,Default,Default,Default,Default,Default,Default,Default,Default,Default,Default,Default,Default,DefaultJob,,1,Workload,Actual,9,818564400,16777216,48.79,417,0,0,416
SerializationBenchmark.Deserialize_BinaryGenerated,KeyValueStore.Benchmarks,SerializationBenchmark,Deserialize_BinaryGenerated,DefaultJob,Default,Default,Default,Default,Default,Default,Default,Default,Default,Default,Default,Default,Default,Default,Default,Default,Default,Default,Default,Default,Default,Default,Default,Default,Default,Default,Default,Default,Default,Default,Default,Default,Default,Default,Default,Default,Default,Default,Default,Default,Default,Default,DefaultJob,,1,Workload,Actual,10,820765800,16777216,48.92,417,0,0,416
SerializationBenchmark.Deserialize_BinaryGenerated,KeyValueStore.Benchmarks,SerializationBenchmark,Deserialize_BinaryGenerated,DefaultJob,Default,Default,Default,Default,Default,Default,Default,Default,Default,Default,Default,Default,Default,Default,Default,Default,Default,Default,Default,Default,Default,Default,Default,Default,Default,Default,Default,Default,Default,Default,Default,Default,Default,Default,Default,Default,Default,Default,Default,Default,Default,Default,DefaultJob,,1,Workload,Actual,11,817133900,16777216,48.7,417,0,0,416
SerializationBenchmark.Deserialize_BinaryGenerated,KeyValueStore.Benchmarks,SerializationBenchmark,Deserialize_BinaryGenerated,DefaultJob,Default,Default,Default,Default,Default,Default,Default,Default,Default,Default,Default,Default,Default,Default,Default,Default,Default,Default,Default,Default,Default,Default,Default,Default,Default,Default,Default,Default,Default,Default,Default,Default,Default,Default,Default,Default,Default,Default,Default,Default,Default,Default,DefaultJob,,1,Workload,Actual,12,824864400,16777216,49.17,417,0,0,416
SerializationBenchmark.Deserialize_BinaryGenerated,KeyValueStore.Benchmarks,SerializationBenchmark,Deserialize_BinaryGenerated,DefaultJob,Default,Default,Default,Default,Default,Default,Default,Default,Default,Default,Default,Default,Default,Default,Default,Default,Default,Default,Default,Default,Default,Default,Default,Default,Default,Default,Default,Default,Default,Default,Default,Default,Default,Default,Default,Default,Default,Default,Default,Default,Default,Default,DefaultJob,,1,Workload,Actual,13,822426800,16777216,49.02,417,0,0,416
SerializationBenchmark.Deserialize_BinaryGenerated,KeyValueStore.Benchmarks,SerializationBenchmark,Deserialize_BinaryGenerated,DefaultJob,Default,Default,Default,Default,Default,Default,Default,Default,Default,Default,Default,Default,Default,Default,Default,Default,Default,Default,Default,Default,Default,Default,Default,Default,Default,Default,Default,Default,Default,Default,Default,Default,Default,Default,Default,Default,Default,Default,Default,Default,Default,Default,DefaultJob,,1,Workload,Actual,14,823050000,16777216,49.06,417,0,0,416
SerializationBenchmark.Deserialize_BinaryGenerated,KeyValueStore.Benchmarks,SerializationBenchmark,Deserialize_BinaryGenerated,DefaultJob,Default,Default,Default,Default,Default,Default,Default,Default,Default,Default,Default,Default,Default,Default,Default,Default,Default,Default,Default,Default,Default,Default,Default,Default,Default,Default,Default,Default,Default,Default,Default,Default,Default,Default,Default,Default,Default,Default,Default,Default,Default,Default,DefaultJob,,1,Workload,Actual,15,824154600,16777216,49.12,417,0,0,416
SerializationBenchmark.Deserialize_BinaryGenerated,KeyValueStore.Benchmarks,SerializationBenchmark,Deserialize_BinaryGenerated,DefaultJob,Default,Default,Default,Default,Default,Default,Default,Default,Default,Default,Default,Default,Default,Default,Default,Default,Default,Default,Default,Default,Default,Default,Default,Default,Default,Default,Default,Default,Default,Default,Default,Default,Default,Default,Default,Default,Default,Default,Default,Default,Default,Default,DefaultJob,,1,Workload,Result,1,792065350,16777216,47.21,417,0,0,416
SerializationBenchmark.Deserialize_BinaryGenerated,KeyValueStore.Benchmarks,SerializationBenchmark,Deserialize_BinaryGenerated,DefaultJob,Default,Default,Default,Default,Default,Default,Default,Default,Default,Default,Default,Default,Default,Default,Default,Default,Default,Default,Default,Default,Default,Default,Default,Default,Default,Default,Default,Default,Default,Default,Default,Default,Default,Default,Default,Default,Default,Default,Default,Default,Default,Default,DefaultJob,,1,Workload,Result,2,786592650,16777216,46.88,417,0,0,416
SerializationBenchmark.Deserialize_BinaryGenerated,KeyValueStore.Benchmarks,SerializationBenchmark,Deserialize_BinaryGenerated,DefaultJob,Default,Default,Default,Default,Default,Default,Default,Default,Default,Default,Default,Default,Default,Default,Default,Default,Default,Default,Default,Default,Default,Default,Default,Default,Default,Default,Default,Default,Default,Default,Default,Default,Default,Default,Default,Default,Default,Default,Default,Default,Default,Default,DefaultJob,,1,Workload,Result,3,785868350,16777216,46.84,417,0,0,416
SerializationBenchmark.Deserialize_BinaryGenerated,KeyValueStore.Benchmarks,SerializationBenchmark,Deserialize_BinaryGenerated,DefaultJob,Default,Default,Default,Default,Default,Default,Default,Default,Default,Default,Default,Default,Default,Default,Default,Default,Default,Default,Default,Default,Default,Default,Default,Default,Default,Default,Default,Default,Default,Default,Default,Default,Default,Default,Default,Default,Default,Default,Default,Default,Default,Default,DefaultJob,,1,Workload,Result,4,789109750,16777216,47.03,417,0,0,416
SerializationBenchmark.Deserialize_BinaryGenerated,KeyValueStore.Benchmarks,SerializationBenchmark,Deserialize_BinaryGenerated,DefaultJob,Default,Default,Default,Default,Default,Default,Default,Default,Default,Default,Default,Default,Default,Default,Default,Default,Default,Default,Default,Default,Default,Default,Default,Default,Default,Default,Default,Default,Default,Default,Default,Default,Default,Default,Default,Default,Default,Default,Default,Default,Default,Default,DefaultJob,,1,Workload,Result,5,795760750,16777216,47.43,417,0,0,416
SerializationBenchmark.Deserialize_BinaryGenerated,KeyValueStore.Benchmarks,SerializationBenchmark,Deserialize_BinaryGenerated,DefaultJob,Default,Default,Default,Default,Default,Default,Default,Default,Default,Default,Default,Default,Default,Default,Default,Default,Default,Default,Default,Default,Default,Default,Default,Default,Default,Default,Default,Default,Default,Default,Default,Default,Default,Default,Default,Default,Default,Default,Default,Default,Default,Default,DefaultJob,,1,Workload,Result,6,787271550,16777216,46.93,417,0,0,416
SerializationBenchmark.Deserialize_BinaryGenerated,KeyValueStore.Benchmarks,SerializationBenchmark,Deserialize_BinaryGenerated,DefaultJob,Default,Default,Default,Default,Default,Default,Default,Default,Default,Default,Default,Default,Default,Default,Default,Default,Default,Default,Default,Default,Default,Default,Default,Default,Default,Default,Default,Default,Default,Default,Default,Default,Default,Default,Default,Default,Default,Default,Default,Default,Default,Default,DefaultJob,,1,Workload,Result,7,790672950,16777216,47.13,417,0,0,416
SerializationBenchmark.Deserialize_BinaryGenerated,KeyValueStore.Benchmarks,SerializationBenchmark,Deserialize_BinaryGenerated,DefaultJob,Default,Default,Default,Default,Default,Default,Default,Default,Default,Default,Default,Default,Default,Default,Default,Default,Default,Default,Default,Default,Default,Default,Default,Default,Default,Default,Default,Default,Default,Default,Default,Default,Default,Default,Default,Default,Default,Default,Default,Default,Default,Default,DefaultJob,,1,Workload,Result,8,787615650,16777216,46.95,417,0,0,416
SerializationBenchmark.Deserialize_BinaryGenerated,KeyValueStore.Benchmarks,SerializationBenchmark,Deserialize_BinaryGenerated,DefaultJob,Default,Default,Default,Default,Default,Default,Default,Default,Default,Default,Default,Default,Default,Default,Default,Default,Default,Default,Default,Default,Default,Default,Default,Default,Default,Default,Default,Default,Default,Default,Default,Default,Default,Default,Default,Default,Default,Default,Default,Default,Default,Default,DefaultJob,,1,Workload,Result,9,784782950,16777216,46.78,417,0,0,416
SerializationBenchmark.Deserialize_BinaryGenerated,KeyValueStore.Benchmarks,SerializationBenchmark,Deserialize_BinaryGenerated,DefaultJob,Default,Default,Default,Default,Default,Default,Default,Default,Default,Default,Default,Default,Default,Default,Default,Default,Default,Default,Default,Default,Default,Default,Default,Default,Default,Default,Default,Default,Default,Default,Default,Default,Default,Default,Default,Default,Default,Default,Default,Default,Default,Default,DefaultJob,,1,Workload,Result,10,786984350,16777216,46.91,417,0,0,416
SerializationBenchmark.Deserialize_BinaryGenerated,KeyValueStore.Benchmarks,SerializationBenchmark,Deserialize_BinaryGenerated,DefaultJob,Default,Default,Default,Default,Default,Default,Default,Default,Default,Default,Default,Default,Default,Default,Default,Default,Default,Default,Default,Default,Default,Default,Default,Default,Default,Default,Default,Default,Default,Default,Default,Default,Default,Default,Default,Default,Default,Default,Default,Default,Default,Default,DefaultJob,,1,Workload,Result,11,783352450,16777216,46.69,417,0,0,416
SerializationBenchmark.Deserialize_BinaryGenerated,KeyValueStore.Benchmarks,SerializationBenchmark,Deserialize_BinaryGenerated,DefaultJob,Default,Default,Default,Default,Default,Default,Default,Default,Default,Default,Default,Default,Default,Default,Default,Default,Default,Default,Default,Default,Default,Default,Default,Default,Default,Default,Default,Default,Default,Default,Default,Default,Default,Default,Default,Default,Default,Default,Default,Default,Default,Default,DefaultJob,,1,Workload,Result,12,791082950,16777216,47.15,417,0,0,416
SerializationBenchmark.Deserialize_BinaryGenerated,KeyValueStore.Benchmarks,SerializationBenchmark,Deserialize_BinaryGenerated,DefaultJob,Default,Default,Default,Default,Default,Default,Default,Default,Default,Default,Default,Default,Default,Default,Default,Default,Default,Default,Default,Default,Default,Default,Default,Default,Default,Default,Default,Default,Default,Default,Default,Default,Default,Default,Default,Default,Default,Default,Default,Default,Default,Default,DefaultJob,,1,Workload,Result,13,788645350,16777216,47.01,417,0,0,416
SerializationBenchmark.Deserialize_BinaryGenerated,KeyValueStore.Benchmarks,SerializationBenchmark,Deserialize_BinaryGenerated,DefaultJob,Default,Default,Default,Default,Default,Default,Default,Default,Default,Default,Default,Default,Default,Default,Default,Default,Default,Default,Default,Default,Default,Default,Default,Default,Default,Default,Default,Default,Default,Default,Default,Default,Default,Default,Default,Default,Default,Default,Default,Default,Default,Default,DefaultJob,,1,Workload,Result,14,789268550,16777216,47.04,417,0,0,416
SerializationBenchmark.Deserialize_BinaryGenerated,KeyValueStore.Benchmarks,SerializationBenchmark,Deserialize_BinaryGenerated,DefaultJob,Default,Default,Default,Default,Default,Default,Default,Default,Default,Default,Default,Default,Default,Default,Default,Default,Default,Default,Default,Default,Default,Default,Default,Default,Default,Default,Default,Default,Default,Default,Default,Default,Default,Default,Default,Default,Default,Default,Default,Default,Default,Default,DefaultJob,,1,Workload,Result,15,790373150,16777216,47.11,417,0,0,416
SerializationBenchmark.Serialize_BinaryGenerated_RentedBuffer,KeyValueStore.Benchmarks,SerializationBenchmark,Serialize_BinaryGenerated_RentedBuffer,DefaultJob,Default,Default,Default,Default,Default,Default,Default,Default,Default,Default,Default,Default,Default,Default,Default,Default,Default,Default,Default,Default,Default,Default,Default,Default,Default,Default,Default,Default,Default,Default,Default,Default,Default,Default,Default,Default,Default,Default,Default,Default,Default,Default,DefaultJob,,1,Overhead,Jitting,1,101000,1,101000,0,0,0,0
SerializationBenchmark.Serialize_BinaryGenerated_RentedBuffer,KeyValueStore.Benchmarks,SerializationBenchmark,Serialize_BinaryGenerated_RentedBuffer,DefaultJob,Default,Default,Default,Default,Default,Default,Default,Default,Default,Default,Default,Default,Default,Default,Default,Default,Default,Default,Default,Default,Default,Default,Default,Default,Default,Default,Default,Default,Default,Default,Default,Default,Default,Default,Default,Default,Default,Default,Default,Default,Default,Default,DefaultJob,,1,Workload,Jitting,1,533600,1,533600,0,0,0,0
SerializationBenchmark.Serialize_BinaryGenerated_RentedBuffer,KeyValueStore.Benchmarks,SerializationBenchmark,Serialize_BinaryGenerated_RentedBuffer,DefaultJob,Default,Default,Default,Default,Default,Default,Default,Default,Default,Default,Default,Default,Default,Default,Default,Default,Default,Default,Default,Default,Default,Default,Default,Default,Default,Default,Default,Default,Default,Default,Default,Default,Default,Default,Default,Default,Default,Default,Default,Default,Default,Default,DefaultJob,,1,Overhead,Jitting,2,141100,16,8818.75,0,0,0,0
SerializationBenchmark.Serialize_BinaryGenerated_RentedBuffer,KeyValueStore.Benchmarks,SerializationBenchmark,Serialize_BinaryGenerated_RentedBuffer,DefaultJob,Default,Default,Default,Default,Default,Default,Default,Default,Default,Default,Default,Default,Default,Default,Default,Default,Default,Default,Default,Default,Default,Default,Default,Default,Default,Default,Default,Default,Default,Default,Default,Default,Default,Default,Default,Default,Default,Default,Default,Default,Default,Default,DefaultJob,,1,Workload,Jitting,2,129100,16,8068.75,0,0,0,0
SerializationBenchmark.Serialize_BinaryGenerated_RentedBuffer,KeyValueStore.Benchmarks,SerializationBenchmark,Serialize_BinaryGenerated_RentedBuffer,DefaultJob,Default,Default,Default,Default,Default,Default,Default,Default,Default,Default,Default,Default,Default,Default,Default,Default,Default,Default,Default,Default,Default,Default,Default,Default,Default,Default,Default,Default,Default,Default,Default,Default,Default,Default,Default,Default,Default,Default,Default,Default,Default,Default,DefaultJob,,1,Workload,Pilot,1,3600,16,225,0,0,0,0
SerializationBenchmark.Serialize_BinaryGenerated_RentedBuffer,KeyValueStore.Benchmarks,SerializationBenchmark,Serialize_BinaryGenerated_RentedBuffer,DefaultJob,Default,Default,Default,Default,Default,Default,Default,Default,Default,Default,Default,Default,Default,Default,Default,Default,Default,Default,Default,Default,Default,Default,Default,Default,Default,Default,Default,Default,Default,Default,Default,Default,Default,Default,Default,Default,Default,Default,Default,Default,Default,Default,DefaultJob,,1,Workload,Pilot,2,4600,32,143.75,0,0,0,0
SerializationBenchmark.Serialize_BinaryGenerated_RentedBuffer,KeyValueStore.Benchmarks,SerializationBenchmark,Serialize_BinaryGenerated_RentedBuffer,DefaultJob,Default,Default,Default,Default,Default,Default,Default,Default,Default,Default,Default,Default,Default,Default,Default,Default,Default,Default,Default,Default,Default,Default,Default,Default,Default,Default,Default,Default,Default,Default,Default,Default,Default,Default,Default,Default,Default,Default,Default,Default,Default,Default,DefaultJob,,1,Workload,Pilot,3,7300,64,114.06,0,0,0,0
SerializationBenchmark.Serialize_BinaryGenerated_RentedBuffer,KeyValueStore.Benchmarks,SerializationBenchmark,Serialize_BinaryGenerated_RentedBuffer,DefaultJob,Default,Default,Default,Default,Default,Default,Default,Default,Default,Default,Default,Default,Default,Default,Default,Default,Default,Default,Default,Default,Default,Default,Default,Default,Default,Default,Default,Default,Default,Default,Default,Default,Default,Default,Default,Default,Default,Default,Default,Default,Default,Default,DefaultJob,,1,Workload,Pilot,4,12300,128,96.09,0,0,0,0
SerializationBenchmark.Serialize_BinaryGenerated_RentedBuffer,KeyValueStore.Benchmarks,SerializationBenchmark,Serialize_BinaryGenerated_RentedBuffer,DefaultJob,Default,Default,Default,Default,Default,Default,Default,Default,Default,Default,Default,Default,Default,Default,Default,Default,Default,Default,Default,Default,Default,Default,Default,Default,Default,Default,Default,Default,Default,Default,Default,Default,Default,Default,Default,Default,Default,Default,Default,Default,Default,Default,DefaultJob,,1,Workload,Pilot,5,22700,256,88.67,0,0,0,0
SerializationBenchmark.Serialize_BinaryGenerated_RentedBuffer,KeyValueStore.Benchmarks,SerializationBenchmark,Serialize_BinaryGenerated_RentedBuffer,DefaultJob,Default,Default,Default,Default,Default,Default,Default,Default,Default,Default,Default,Default,Default,Default,Default,Default,Default,Default,Default,Default,Default,Default,Default,Default,Default,Default,Default,Default,Default,Default,Default,Default,Default,Default,Default,Default,Default,Default,Default,Default,Default,Default,DefaultJob,,1,Workload,Pilot,6,44900,512,87.7,0,0,0,0
SerializationBenchmark.Serialize_BinaryGenerated_RentedBuffer,KeyValueStore.Benchmarks,SerializationBenchmark,Serialize_BinaryGenerated_RentedBuffer,DefaultJob,Default,Default,Default,Default,Default,Default,Default,Default,Default,Default,Default,Default,Default,Default,Default,Default,Default,Default,Default,Default,Default,Default,Default,Default,Default,Default,Default,Default,Default,Default,Default,Default,Default,Default,Default,Default,Default,Default,Default,Default,Default,Default,DefaultJob,,1,Workload,Pilot,7,88000,1024,85.94,0,0,0,0
SerializationBenchmark.Serialize_BinaryGenerated_RentedBuffer,KeyValueStore.Benchmarks,SerializationBenchmark,Serialize_BinaryGenerated_RentedBuffer,DefaultJob,Default,Default,Default,Default,Default,Default,Default,Default,Default,Default,Default,Default,Default,Default,Default,Default,Default,Default,Default,Default,Default,Default,Default,Default,Default,Default,Default,Default,Default,Default,Default,Default,Default,Default,Default,Default,Default,Default,Default,Default,Default,Default,DefaultJob,,1,Workload,Pilot,8,172000,2048,83.98,0,0,0,0
SerializationBenchmark.Serialize_BinaryGenerated_RentedBuffer,KeyValueStore.Benchmarks,SerializationBenchmark,Serialize_BinaryGenerated_RentedBuffer,DefaultJob,Default,Default,Default,Default,Default,Default,Default,Default,Default,Default,Default,Default,Default,Default,Default,Default,Default,Default,Default,Default,Default,Default,Default,Default,Default,Default,Default,Default,Default,Default,Default,Default,Default,Default,Default,Default,Default,Default,Default,Default,Default,Default,DefaultJob,,1,Workload,Pilot,9,341000,4096,83.25,0,0,0,0
SerializationBenchmark.Serialize_BinaryGenerated_RentedBuffer,KeyValueStore.Benchmarks,SerializationBenchmark,Serialize_BinaryGenerated_RentedBuffer,DefaultJob,Default,Default,Default,Default,Default,Default,Default,Default,Default,Default,Default,Default,Default,Default,Default,Default,Default,Default,Default,Default,Default,Default,Default,Default,Default,Default,Default,Default,Default,Default,Default,Default,Default,Default,Default,Default,Default,Default,Default,Default,Default,Default,DefaultJob,,1,Workload,Pilot,10,711100,8192,86.8,0,0,0,0
SerializationBenchmark.Serialize_BinaryGenerated_RentedBuffer,KeyValueStore.Benchmarks,SerializationBenchmark,Serialize_BinaryGenerated_RentedBuffer,DefaultJob,Default,Default,Default,Default,Default,Default,Default,Default,Default,Default,Default,Default,Default,Default,Default,Default,Default,Default,Default,Default,Default,Default,Default,Default,Default,Default,Default,Default,Default,Default,Default,Default,Default,Default,Default,Default,Default,Default,Default,Default,Default,Default,DefaultJob,,1,Workload,Pilot,11,1568800,16384,95.75,0,0,0,0
SerializationBenchmark.Serialize_BinaryGenerated_RentedBuffer,KeyValueStore.Benchmarks,SerializationBenchmark,Serialize_BinaryGenerated_RentedBuffer,DefaultJob,Default,Default,Default,Default,Default,Default,Default,Default,Default,Default,Default,Default,Default,Default,Default,Default,Default,Default,Default,Default,Default,Default,Default,Default,Default,Default,Default,Default,Default,Default,Default,Default,Default,Default,Default,Default,Default,Default,Default,Default,Default,Default,DefaultJob,,1,Workload,Pilot,12,2761700,32768,84.28,0,0,0,0
SerializationBenchmark.Serialize_BinaryGenerated_RentedBuffer,KeyValueStore.Benchmarks,SerializationBenchmark,Serialize_BinaryGenerated_RentedBuffer,DefaultJob,Default,Default,Default,Default,Default,Default,Default,Default,Default,Default,Default,Default,Default,Default,Default,Default,Default,Default,Default,Default,Default,Default,Default,Default,Default,Default,Default,Default,Default,Default,Default,Default,Default,Default,Default,Default,Default,Default,Default,Default,Default,Default,DefaultJob,,1,Workload,Pilot,13,5601300,65536,85.47,0,0,0,0
SerializationBenchmark.Serialize_BinaryGenerated_RentedBuffer,KeyValueStore.Benchmarks,SerializationBenchmark,Serialize_BinaryGenerated_RentedBuffer,DefaultJob,Default,Default,Default,Default,Default,Default,Default,Default,Default,Default,Default,Default,Default,Default,Default,Default,Default,Default,Default,Default,Default,Default,Default,Default,Default,Default,Default,Default,Default,Default,Default,Default,Default,Default,Default,Default,Default,Default,Default,Default,Default,Default,DefaultJob,,1,Workload,Pilot,14,12365000,131072,94.34,0,0,0,0
SerializationBenchmark.Serialize_BinaryGenerated_RentedBuffer,KeyValueStore.Benchmarks,SerializationBenchmark,Serialize_BinaryGenerated_RentedBuffer,DefaultJob,Default,Default,Default,Default,Default,Default,Default,Default,Default,Default,Default,Default,Default,Default,Default,Default,Default,Default,Default,Default,Default,Default,Default,Default,Default,Default,Default,Default,Default,Default,Default,Default,Default,Default,Default,Default,Default,Default,Default,Default,Default,Default,DefaultJob,,1,Workload,Pilot,15,22963300,262144,87.6,0,0,0,0
SerializationBenchmark.Serialize_BinaryGenerated_RentedBuffer,KeyValueStore.Benchmarks,SerializationBenchmark,Serialize_BinaryGenerated_RentedBuffer,DefaultJob,Default,Default,Default,Default,Default,Default,Default,Default,Default,Default,Default,Default,Default,Default,Default,Default,Default,Default,Default,Default,Default,Default,Default,Default,Default,Default,Default,Default,Default,Default,Default,Default,Default,Default,Default,Default,Default,Default,Default,Default,Default,Default,DefaultJob,,1,Workload,Pilot,16,47970100,524288,91.5,0,0,0,0
SerializationBenchmark.Serialize_BinaryGenerated_RentedBuffer,KeyValueStore.Benchmarks,SerializationBenchmark,Serialize_BinaryGenerated_RentedBuffer,DefaultJob,Default,Default,Default,Default,Default,Default,Default,Default,Default,Default,Default,Default,Default,Default,Default,Default,Default,Default,Default,Default,Default,Default,Default,Default,Default,Default,Default,Default,Default,Default,Default,Default,Default,Default,Default,Default,Default,Default,Default,Default,Default,Default,DefaultJob,,1,Workload,Pilot,17,123683300,1048576,117.95,0,0,0,0
SerializationBenchmark.Serialize_BinaryGenerated_RentedBuffer,KeyValueStore.Benchmarks,SerializationBenchmark,Serialize_BinaryGenerated_RentedBuffer,DefaultJob,Default,Default,Default,Default,Default,Default,Default,Default,Default,Default,Default,Default,Default,Default,Default,Default,Default,Default,Default,Default,Default,Default,Default,Default,Default,Default,Default,Default,Default,Default,Default,Default,Default,Default,Default,Default,Default,Default,Default,Default,Default,Default,DefaultJob,,1,Workload,Pilot,18,107295900,2097152,51.16,0,0,0,0
SerializationBenchmark.Serialize_BinaryGenerated_RentedBuffer,KeyValueStore.Benchmarks,SerializationBenchmark,Serialize_BinaryGenerated_RentedBuffer,DefaultJob,Default,Default,Default,Default,Default,Default,Default,Default,Default,Default,Default,Default,Default,Default,Default,Default,Default,Default,Default,Default,Default,Default,Default,Default,Default,Default,Default,Default,Default,Default,Default,Default,Default,Default,Default,Default,Default,Default,Default,Default,Default,Default,DefaultJob,,1,Workload,Pilot,19,127280500,4194304,30.35,0,0,0,0
SerializationBenchmark.Serialize_BinaryGenerated_RentedBuffer,KeyValueStore.Benchmarks,SerializationBenchmark,Serialize_BinaryGenerated_RentedBuffer,DefaultJob,Default,Default,Default,Default,Default,Default,Default,Default,Default,Default,Default,Default,Default,Default,Default,Default,Default,Default,Default,Default,Default,Default,Default,Default,Default,Default,Default,Default,Default,Default,Default,Default,Default,Default,Default,Default,Default,Default,Default,Default,Default,Default,DefaultJob,,1,Workload,Pilot,20,253391200,8388608,30.21,0,0,0,0
SerializationBenchmark.Serialize_BinaryGenerated_RentedBuffer,KeyValueStore.Benchmarks,SerializationBenchmark,Serialize_BinaryGenerated_RentedBuffer,DefaultJob,Default,Default,Default,Default,Default,Default,Default,Default,Default,Default,Default,Default,Default,Default,Default,Default,Default,Default,Default,Default,Default,Default,Default,Default,Default,Default,Default,Default,Default,Default,Default,Default,Default,Default,Default,Default,Default,Default,Default,Default,Default,Default,DefaultJob,,1,Workload,Pilot,21,504422600,16777216,30.07,0,0,0,0
SerializationBenchmark.Serialize_BinaryGenerated_RentedBuffer,KeyValueStore.Benchmarks,SerializationBenchmark,Serialize_BinaryGenerated_RentedBuffer,DefaultJob,Default,Default,Default,Default,Default,Default,Default,Default,Default,Default,Default,Default,Default,Default,Default,Default,Default,Default,Default,Default,Default,Default,Default,Default,Default,Default,Default,Default,Default,Default,Default,Default,Default,Default,Default,Default,Default,Default,Default,Default,Default,Default,DefaultJob,,1,Overhead,Warmup,1,23676800,16777216,1.41,0,0,0,0
SerializationBenchmark.Serialize_BinaryGenerated_RentedBuffer,KeyValueStore.Benchmarks,SerializationBenchmark,Serialize_BinaryGenerated_RentedBuffer,DefaultJob,Default,Default,Default,Default,Default,Default,Default,Default,Default,Default,Default,Default,Default,Default,Default,Default,Default,Default,Default,Default,Default,Default,Default,Default,Default,Default,Default,Default,Default,Default,Default,Default,Default,Default,Default,Default,Default,Default,Default,Default,Default,Default,DefaultJob,,1,Overhead,Warmup,2,24899200,16777216,1.48,0,0,0,0
SerializationBenchmark.Serialize_BinaryGenerated_RentedBuffer,KeyValueStore.Benchmarks,SerializationBenchmark,Serialize_BinaryGenerated_RentedBuffer,DefaultJob,Default,Default,Default,Default,Default,Default,Default,Default,Default,Default,Default,Default,Default,Default,Default,Default,Default,Default,Default,Default,Default,Default,Default,Default,Default,Default,Default,Default,Default,Default,Default,Default,Default,Default,Default,Default,Default,Default,Default,Default,Default,Default,DefaultJob,,1,Overhead,Warmup,3,25071900,16777216,1.49,0,0,0,0
SerializationBenchmark.Serialize_BinaryGenerated_RentedBuffer,KeyValueStore.Benchmarks,SerializationBenchmark,Serialize_BinaryGenerated_RentedBuffer,DefaultJob,Default,Default,Default,Default,Default,Default,Default,Default,Default,Default,Default,Default,Default,Default,Default,Default,Default,Default,Default,Default,Default,Default,Default,Default,Default,Default,Default,Default,Default,Default,Default,Default,Default,Default,Default,Default,Default,Default,Default,Default,Default,Default,DefaultJob,,1,Overhead,Warmup,4,25011000,16777216,1.49,0,0,0,0
SerializationBenchmark.Serialize_BinaryGenerated_RentedBuffer,KeyValueStore.Benchmarks,SerializationBenchmark,Serialize_BinaryGenerated_RentedBuffer,DefaultJob,Default,Default,Default,Default,Default,Default,Default,Default,Default,Default,Default,Default,Default,Default,Default,Default,Default,Default,Default,Default,Default,Default,Default,Default,Default,Default,Default,Default,Default,Default,Default,Default,Default,Default,Default,Default,Default,Default,Default,Default,Default,Default,DefaultJob,,1,Overhead,Warmup,5,23623800,16777216,1.41,0,0,0,0
SerializationBenchmark.Serialize_BinaryGenerated_RentedBuffer,KeyValueStore.Benchmarks,SerializationBenchmark,Serialize_BinaryGenerated_RentedBuffer,DefaultJob,Default,Default,Default,Default,Default,Default,Default,Default,Default,Default,Default,Default,Default,Default,Default,Default,Default,Default,Default,Default,Default,Default,Default,Default,Default,Default,Default,Default,Default,Default,Default,Default,Default,Default,Default,Default,Default,Default,Default,Default,Default,Default,DefaultJob,,1,Overhead,Warmup,6,27956800,16777216,1.67,0,0,0,0
SerializationBenchmark.Serialize_BinaryGenerated_RentedBuffer,KeyValueStore.Benchmarks,SerializationBenchmark,Serialize_BinaryGenerated_RentedBuffer,DefaultJob,Default,Default,Default,Default,Default,Default,Default,Default,Default,Default,Default,Default,Default,Default,Default,Default,Default,Default,Default,Default,Default,Default,Default,Default,Default,Default,Default,Default,Default,Default,Default,Default,Default,Default,Default,Default,Default,Default,Default,Default,Default,Default,DefaultJob,,1,Overhead,Warmup,7,23653100,16777216,1.41,0,0,0,0
SerializationBenchmark.Serialize_BinaryGenerated_RentedBuffer,KeyValueStore.Benchmarks,SerializationBenchmark,Serialize_BinaryGenerated_RentedBuffer,DefaultJob,Default,Default,Default,Default,Default,Default,Default,Default,Default,Default,Default,Default,Default,Default,Default,Default,Default,Default,Default,Default,Default,Default,Default,Default,Default,Default,Default,Default,Default,Default,Default,Default,Default,Default,Default,Default,Default,Default,Default,Default,Default,Default,DefaultJob,,1,Overhead,Actual,1,23622700,16777216,1.41,0,0,0,0
SerializationBenchmark.Serialize_BinaryGenerated_RentedBuffer,KeyValueStore.Benchmarks,SerializationBenchmark,Serialize_BinaryGenerated_RentedBuffer,DefaultJob,Default,Default,Default,Default,Default,Default,Default,Default,Default,Default,Default,Default,Default,Default,Default,Default,Default,Default,Default,Default,Default,Default,Default,Default,Default,Default,Default,Default,Default,Default,Default,Default,Default,Default,Default,Default,Default,Default,Default,Default,Default,Default,DefaultJob,,1,Overhead,Actual,2,23605500,16777216,1.41,0,0,0,0
SerializationBenchmark.Serialize_BinaryGenerated_RentedBuffer,KeyValueStore.Benchmarks,SerializationBenchmark,Serialize_BinaryGenerated_RentedBuffer,DefaultJob,Default,Default,Default,Default,Default,Default,Default,Default,Default,Default,Default,Default,Default,Default,Default,Default,Default,Default,Default,Default,Default,Default,Default,Default,Default,Default,Default,Default,Default,Default,Default,Default,Default,Default,Default,Default,Default,Default,Default,Default,Default,Default,DefaultJob,,1,Overhead,Actual,3,25095000,16777216,1.5,0,0,0,0
SerializationBenchmark.Serialize_BinaryGenerated_RentedBuffer,KeyValueStore.Benchmarks,SerializationBenchmark,Serialize_BinaryGenerated_RentedBuffer,DefaultJob,Default,Default,Default,Default,Default,Default,Default,Default,Default,Default,Default,Default,Default,Default,Default,Default,Default,Default,Default,Default,Default,Default,Default,Default,Default,Default,Default,Default,Default,Default,Default,Default,Default,Default,Default,Default,Default,Default,Default,Default,Default,Default,DefaultJob,,1,Overhead,Actual,4,24426300,16777216,1.46,0,0,0,0
SerializationBenchmark.Serialize_BinaryGenerated_RentedBuffer,KeyValueStore.Benchmarks,SerializationBenchmark,Serialize_BinaryGenerated_RentedBuffer,DefaultJob,Default,Default,Default,Default,Default,Default,Default,Default,Default,Default,Default,Default,Default,Default,Default,Default,Default,Default,Default,Default,Default,Default,Default,Default,Default,Default,Default,Default,Default,Default,Default,Default,Default,Default,Default,Default,Default,Default,Default,Default,Default,Default,DefaultJob,,1,Overhead,Actual,5,25111900,16777216,1.5,0,0,0,0
SerializationBenchmark.Serialize_BinaryGenerated_RentedBuffer,KeyValueStore.Benchmarks,SerializationBenchmark,Serialize_BinaryGenerated_RentedBuffer,DefaultJob,Default,Default,Default,Default,Default,Default,Default,Default,Default,Default,Default,Default,Default,Default,Default,Default,Default,Default,Default,Default,Default,Default,Default,Default,Default,Default,Default,Default,Default,Default,Default,Default,Default,Default,Default,Default,Default,Default,Default,Default,Default,Default,DefaultJob,,1,Overhead,Actual,6,24889100,16777216,1.48,0,0,0,0
SerializationBenchmark.Serialize_BinaryGenerated_RentedBuffer,KeyValueStore.Benchmarks,SerializationBenchmark,Serialize_BinaryGenerated_RentedBuffer,DefaultJob,Default,Default,Default,Default,Default,Default,Default,Default,Default,Default,Default,Default,Default,Default,Default,Default,Default,Default,Default,Default,Default,Default,Default,Default,Default,Default,Default,Default,Default,Default,Default,Default,Default,Default,Default,Default,Default,Default,Default,Default,Default,Default,DefaultJob,,1,Overhead,Actual,7,23964500,16777216,1.43,0,0,0,0
SerializationBenchmark.Serialize_BinaryGenerated_RentedBuffer,KeyValueStore.Benchmarks,SerializationBenchmark,Serialize_BinaryGenerated_RentedBuffer,DefaultJob,Default,Default,Default,Default,Default,Default,Default,Default,Default,Default,Default,Default,Default,Default,Default,Default,Default,Default,Default,Default,Default,Default,Default,Default,Default,Default,Default,Default,Default,Default,Default,Default,Default,Default,Default,Default,Default,Default,Default,Default,Default,Default,DefaultJob,,1,Overhead,Actual,8,24767100,16777216,1.48,0,0,0,0
SerializationBenchmark.Serialize_BinaryGenerated_RentedBuffer,KeyValueStore.Benchmarks,SerializationBenchmark,Serialize_BinaryGenerated_RentedBuffer,DefaultJob,Default,Default,Default,Default,Default,Default,Default,Default,Default,Default,Default,Default,Default,Default,Default,Default,Default,Default,Default,Default,Default,Default,Default,Default,Default,Default,Default,Default,Default,Default,Default,Default,Default,Default,Default,Default,Default,Default,Default,Default,Default,Default,DefaultJob,,1,Overhead,Actual,9,25291800,16777216,1.51,0,0,0,0
SerializationBenchmark.Serialize_BinaryGenerated_RentedBuffer,KeyValueStore.Benchmarks,SerializationBenchmark,Serialize_BinaryGenerated_RentedBuffer,DefaultJob,Default,Default,Default,Default,Default,Default,Default,Default,Default,Default,Default,Default,Default,Default,Default,Default,Default,Default,Default,Default,Default,Default,Default,Default,Default,Default,Default,Default,Default,Default,Default,Default,Default,Default,Default,Default,Default,Default,Default,Default,Default,Default,DefaultJob,,1,Overhead,Actual,10,25115300,16777216,1.5,0,0,0,0
SerializationBenchmark.Serialize_BinaryGenerated_RentedBuffer,KeyValueStore.Benchmarks,SerializationBenchmark,Serialize_BinaryGenerated_RentedBuffer,DefaultJob,Default,Default,Default,Default,Default,Default,Default,Default,Default,Default,Default,Default,Default,Default,Default,Default,Default,Default,Default,Default,Default,Default,Default,Default,Default,Default,Default,Default,Default,Default,Default,Default,Default,Default,Default,Default,Default,Default,Default,Default,Default,Default,DefaultJob,,1,Overhead,Actual,11,19743300,16777216,1.18,0,0,0,0
SerializationBenchmark.Serialize_BinaryGenerated_RentedBuffer,KeyValueStore.Benchmarks,SerializationBenchmark,Serialize_BinaryGenerated_RentedBuffer,DefaultJob,Default,Default,Default,Default,Default,Default,Default,Default,Default,Default,Default,Default,Default,Default,Default,Default,Default,Default,Default,Default,Default,Default,Default,Default,Default,Default,Default,Default,Default,Default,Default,Default,Default,Default,Default,Default,Default,Default,Default,Default,Default,Default,DefaultJob,,1,Overhead,Actual,12,18026200,16777216,1.07,0,0,0,0
SerializationBenchmark.Serialize_BinaryGenerated_RentedBuffer,KeyValueStore.Benchmarks,SerializationBenchmark,Serialize_BinaryGenerated_RentedBuffer,DefaultJob,Default,Default,Default,Default,Default,Default,Default,Default,Default,Default,Default,Default,Default,Default,Default,Default,Default,Default,Default,Default,Default,Default,Default,Default,Default,Default,Default,Default,Default,Default,Default,Default,Default,Default,Default,Default,Default,Default,Default,Default,Default,Default,DefaultJob,,1,Overhead,Actual,13,17369200,16777216,1.04,0,0,0,0
SerializationBenchmark.Serialize_BinaryGenerated_RentedBuffer,KeyValueStore.Benchmarks,SerializationBenchmark,Serialize_BinaryGenerated_RentedBuffer,DefaultJob,Default,Default,Default,Default,Default,Default,Default,Default,Default,Default,Default,Default,Default,Default,Default,Default,Default,Default,Default,Default,Default,Default,Default,Default,Default,Default,Default,Default,Default,Default,Default,Default,Default,Default,Default,Default,Default,Default,Default,Default,Default,Default,DefaultJob,,1,Overhead,Actual,14,18273600,16777216,1.09,0,0,0,0
SerializationBenchmark.Serialize_BinaryGenerated_RentedBuffer,KeyValueStore.Benchmarks,SerializationBenchmark,Serialize_BinaryGenerated_RentedBuffer,DefaultJob,Default,Default,Default,Default,Default,Default,Default,Default,Default,Default,Default,Default,Default,Default,Default,Default,Default,Default,Default,Default,Default,Default,Default,Default,Default,Default,Default,Default,Default,Default,Default,Default,Default,Default,Default,Default,Default,Default,Default,Default,Default,Default,DefaultJob,,1,Overhead,Actual,15,16871100,16777216,1.01,0,0,0,0
SerializationBenchmark.Serialize_BinaryGenerated_RentedBuffer,KeyValueStore.Benchmarks,SerializationBenchmark,Serialize_BinaryGenerated_RentedBuffer,DefaultJob,Default,Default,Default,Default,Default,Default,Default,Default,Default,Default,Default,Default,Default,Default,Default,Default,Default,Default,Default,Default,Default,Default,Default,Default,Default,Default,Default,Default,Default,Default,Default,Default,Default,Default,Default,Default,Default,Default,Default,Default,Default,Default,DefaultJob,,1,Overhead,Actual,16,18201200,16777216,1.08,0,0,0,0
SerializationBenchmark.Serialize_BinaryGenerated_RentedBuffer,KeyValueStore.Benchmarks,SerializationBenchmark,Serialize_BinaryGenerated_RentedBuffer,DefaultJob,Default,Default,Default,Default,Default,Default,Default,Default,Default,Default,Default,Default,Default,Default,Default,Default,Default,Default,Default,Default,Default,Default,Default,Default,Default,Default,Default,Default,Default,Default,Default,Default,Default,Default,Default,Default,Default,Default,Default,Default,Default,Default,DefaultJob,,1,Overhead,Actual,17,17587200,16777216,1.05,0,0,0,0
SerializationBenchmark.Serialize_BinaryGenerated_RentedBuffer,KeyValueStore.Benchmarks,SerializationBenchmark,Serialize_BinaryGenerated_RentedBuffer,DefaultJob,Default,Default,Default,Default,Default,Default,Default,Default,Default,Default,Default,Default,Default,Default,Default,Default,Default,Default,Default,Default,Default,Default,Default,Default,Default,Default,Default,Default,Default,Default,Default,Default,Default,Default,Default,Default,Default,Default,Default,Default,Default,Default,DefaultJob,,1,Overhead,Actual,18,17611000,16777216,1.05,0,0,0,0
SerializationBenchmark.Serialize_BinaryGenerated_RentedBuffer,KeyValueStore.Benchmarks,SerializationBenchmark,Serialize_BinaryGenerated_RentedBuffer,DefaultJob,Default,Default,Default,Default,Default,Default,Default,Default,Default,Default,Default,Default,Default,Default,Default,Default,Default,Default,Default,Default,Default,Default,Default,Default,Default,Default,Default,Default,Default,Default,Default,Default,Default,Default,Default,Default,Default,Default,Default,Default,Default,Default,DefaultJob,,1,Overhead,Actual,19,17929900,16777216,1.07,0,0,0,0
SerializationBenchmark.Serialize_BinaryGenerated_RentedBuffer,KeyValueStore.Benchmarks,SerializationBenchmark,Serialize_BinaryGenerated_RentedBuffer,DefaultJob,Default,Default,Default,Default,Default,Default,Default,Default,Default,Default,Default,Default,Default,Default,Default,Default,Default,Default,Default,Default,Default,Default,Default,Default,Default,Default,Default,Default,Default,Default,Default,Default,Default,Default,Default,Default,Default,Default,Default,Default,Default,Default,DefaultJob,,1,Overhead,Actual,20,17466900,16777216,1.04,0,0,0,0
SerializationBenchmark.Serialize_BinaryGenerated_RentedBuffer,KeyValueStore.Benchmarks,SerializationBenchmark,Serialize_BinaryGenerated_RentedBuffer,DefaultJob,Default,Default,Default,Default,Default,Default,Default,Default,Default,Default,Default,Default,Default,Default,Default,Default,Default,Default,Default,Default,Default,Default,Default,Default,Default,Default,Default,Default,Default,Default,Default,Default,Default,Default,Default,Default,Default,Default,Default,Default,Default,Default,DefaultJob,,1,Workload,Warmup,1,511593200,16777216,30.49,0,0,0,0
SerializationBenchmark.Serialize_BinaryGenerated_RentedBuffer,KeyValueStore.Benchmarks,SerializationBenchmark,Serialize_BinaryGenerated_RentedBuffer,DefaultJob,Default,Default,Default,Default,Default,Default,Default,Default,Default,Default,Default,Default,Default,Default,Default,Default,Default,Default,Default,Default,Default,Default,Default,Default,Default,Default,Default,Default,Default,Default,Default,Default,Default,Default,Default,Default,Default,Default,Default,Default,Default,Default,DefaultJob,,1,Workload,Warmup,2,496991100,16777216,29.62,0,0,0,0
SerializationBenchmark.Serialize_BinaryGenerated_RentedBuffer,KeyValueStore.Benchmarks,SerializationBenchmark,Serialize_BinaryGenerated_RentedBuffer,DefaultJob,Default,Default,Default,Default,Default,Default,Default,Default,Default,Default,Default,Default,Default,Default,Default,Default,Default,Default,Default,Default,Default,Default,Default,Default,Default,Default,Default,Default,Default,Default,Default,Default,Default,Default,Default,Default,Default,Default,Default,Default,Default,Default,DefaultJob,,1,Workload,Warmup,3,497640000,16777216,29.66,0,0,0,0
SerializationBenchmark.Serialize_BinaryGenerated_RentedBuffer,KeyValueStore.Benchmarks,SerializationBenchmark,Serialize_BinaryGenerated_RentedBuffer,DefaultJob,Default,Default,Default,Default,Default,Default,Default,Default,Default,Default,Default,Default,Default,Default,Default,Default,Default,Default,Default,Default,Default,Default,Default,Default,Default,Default,Default,Default,Default,Default,Default,Default,Default,Default,Default,Default,Default,Default,Default,Default,Default,Default,DefaultJob,,1,Workload,Warmup,4,489870800,16777216,29.2,0,0,0,0
SerializationBenchmark.Serialize_BinaryGenerated_RentedBuffer,KeyValueStore.Benchmarks,SerializationBenchmark,Serialize_BinaryGenerated_RentedBuffer,DefaultJob,Default,Default,Default,Default,Default,Default,Default,Default,Default,Default,Default,Default,Default,Default,Default,Default,Default,Default,Default,Default,Default,Default,Default,Default,Default,Default,Default,Default,Default,Default,Default,Default,Default,Default,Default,Default,Default,Default,Default,Default,Default,Default,DefaultJob,,1,Workload,Warmup,5,513272100,16777216,30.59,0,0,0,0
SerializationBenchmark.Serialize_BinaryGenerated_RentedBuffer,KeyValueStore.Benchmarks,SerializationBenchmark,Serialize_BinaryGenerated_RentedBuffer,DefaultJob,Default,Default,Default,Default,Default,Default,Default,Default,Default,Default,Default,Default,Default,Default,Default,Default,Default,Default,Default,Default,Default,Default,Default,Default,Default,Default,Default,Default,Default,Default,Default,Default,Default,Default,Default,Default,Default,Default,Default,Default,Default,Default,DefaultJob,,1,Workload,Warmup,6,521179100,16777216,31.06,0,0,0,0
SerializationBenchmark.Serialize_BinaryGenerated_RentedBuffer,KeyValueStore.Benchmarks,SerializationBenchmark,Serialize_BinaryGenerated_RentedBuffer,DefaultJob,Default,Default,Default,Default,Default,Default,Default,Default,Default,Default,Default,Default,Default,Default,Default,Default,Default,Default,Default,Default,Default,Default,Default,Default,Default,Default,Default,Default,Default,Default,Default,Default,Default,Default,Default,Default,Default,Default,Default,Default,Default,Default,DefaultJob,,1,Workload,Warmup,7,540552500,16777216,32.22,0,0,0,0
SerializationBenchmark.Serialize_BinaryGenerated_RentedBuffer,KeyValueStore.Benchmarks,SerializationBenchmark,Serialize_BinaryGenerated_RentedBuffer,DefaultJob,Default,Default,Default,Default,Default,Default,Default,Default,Default,Default,Default,Default,Default,Default,Default,Default,Default,Default,Default,Default,Default,Default,Default,Default,Default,Default,Default,Default,Default,Default,Default,Default,Default,Default,Default,Default,Default,Default,Default,Default,Default,Default,DefaultJob,,1,Workload,Warmup,8,500172800,16777216,29.81,0,0,0,0
SerializationBenchmark.Serialize_BinaryGenerated_RentedBuffer,KeyValueStore.Benchmarks,SerializationBenchmark,Serialize_BinaryGenerated_RentedBuffer,DefaultJob,Default,Default,Default,Default,Default,Default,Default,Default,Default,Default,Default,Default,Default,Default,Default,Default,Default,Default,Default,Default,Default,Default,Default,Default,Default,Default,Default,Default,Default,Default,Default,Default,Default,Default,Default,Default,Default,Default,Default,Default,Default,Default,DefaultJob,,1,Workload,Actual,1,498450900,16777216,29.71,0,0,0,0
SerializationBenchmark.Serialize_BinaryGenerated_RentedBuffer,KeyValueStore.Benchmarks,SerializationBenchmark,Serialize_BinaryGenerated_RentedBuffer,DefaultJob,Default,Default,Default,Default,Default,Default,Default,Default,Default,Default,Default,Default,Default,Default,Default,Default,Default,Default,Default,Default,Default,Default,Default,Default,Default,Default,Default,Default,Default,Default,Default,Default,Default,Default,Default,Default,Default,Default,Default,Default,Default,Default,DefaultJob,,1,Workload,Actual,2,491994700,16777216,29.33,0,0,0,0
SerializationBenchmark.Serialize_BinaryGenerated_RentedBuffer,KeyValueStore.Benchmarks,SerializationBenchmark,Serialize_BinaryGenerated_RentedBuffer,DefaultJob,Default,Default,Default,Default,Default,Default,Default,Default,Default,Default,Default,Default,Default,Default,Default,Default,Default,Default,Default,Default,Default,Default,Default,Default,Default,Default,Default,Default,Default,Default,Default,Default,Default,Default,Default,Default,Default,Default,Default,Default,Default,Default,DefaultJob,,1,Workload,Actual,3,495772100,16777216,29.55,0,0,0,0
SerializationBenchmark.Serialize_BinaryGenerated_RentedBuffer,KeyValueStore.Benchmarks,SerializationBenchmark,Serialize_BinaryGenerated_RentedBuffer,DefaultJob,Default,Default,Default,Default,Default,Default,Default,Default,Default,Default,Default,Default,Default,Default,Default,Default,Default,Default,Default,Default,Default,Default,Default,Default,Default,Default,Default,Default,Default,Default,Default,Default,Default,Default,Default,Default,Default,Default,Default,Default,Default,Default,DefaultJob,,1,Workload,Actual,4,492110900,16777216,29.33,0,0,0,0
SerializationBenchmark.Serialize_BinaryGenerated_RentedBuffer,KeyValueStore.Benchmarks,SerializationBenchmark,Serialize_BinaryGenerated_RentedBuffer,DefaultJob,Default,Default,Default,Default,Default,Default,Default,Default,Default,Default,Default,Default,Default,Default,Default,Default,Default,Default,Default,Default,Default,Default,Default,Default,Default,Default,Default,Default,Default,Default,Default,Default,Default,Default,Default,Default,Default,Default,Default,Default,Default,Default,DefaultJob,,1,Workload,Actual,5,493854900,16777216,29.44,0,0,0,0
SerializationBenchmark.Serialize_BinaryGenerated_RentedBuffer,KeyValueStore.Benchmarks,SerializationBenchmark,Serialize_BinaryGenerated_RentedBuffer,DefaultJob,Default,Default,Default,Default,Default,Default,Default,Default,Default,Default,Default,Default,Default,Default,Default,Default,Default,Default,Default,Default,Default,Default,Default,Default,Default,Default,Default,Default,Default,Default,Default,Default,Default,Default,Default,Default,Default,Default,Default,Default,Default,Default,DefaultJob,,1,Workload,Actual,6,503217900,16777216,29.99,0,0,0,0
SerializationBenchmark.Serialize_BinaryGenerated_RentedBuffer,KeyValueStore.Benchmarks,SerializationBenchmark,Serialize_BinaryGenerated_RentedBuffer,DefaultJob,Default,Default,Default,Default,Default,Default,Default,Default,Default,Default,Default,Default,Default,Default,Default,Default,Default,Default,Default,Default,Default,Default,Default,Default,Default,Default,Default,Default,Default,Default,Default,Default,Default,Default,Default,Default,Default,Default,Default,Default,Default,Default,DefaultJob,,1,Workload,Actual,7,495166200,16777216,29.51,0,0,0,0
SerializationBenchmark.Serialize_BinaryGenerated_RentedBuffer,KeyValueStore.Benchmarks,SerializationBenchmark,Serialize_BinaryGenerated_RentedBuffer,DefaultJob,Default,Default,Default,Default,Default,Default,Default,Default,Default,Default,Default,Default,Default,Default,Default,Default,Default,Default,Default,Default,Default,Default,Default,Default,Default,Default,Default,Default,Default,Default,Default,Default,Default,Default,Default,Default,Default,Default,Default,Default,Default,Default,DefaultJob,,1,Workload,Actual,8,500635800,16777216,29.84,0,0,0,0
SerializationBenchmark.Serialize_BinaryGenerated_RentedBuffer,KeyValueStore.Benchmarks,SerializationBenchmark,Serialize_BinaryGenerated_RentedBuffer,DefaultJob,Default,Default,Default,Default,Default,Default,Default,Default,Default,Default,Default,Default,Default,Default,Default,Default,Default,Default,Default,Default,Default,Default,Default,Default,Default,Default,Default,Default,Default,Default,Default,Default,Default,Default,Default,Default,Default,Default,Default,Default,Default,Default,DefaultJob,,1,Workload,Actual,9,496398800,16777216,29.59,0,0,0,0
SerializationBenchmark.Serialize_BinaryGenerated_RentedBuffer,KeyValueStore.Benchmarks,SerializationBenchmark,Serialize_BinaryGenerated_RentedBuffer,DefaultJob,Default,Default,Default,Default,Default,Default,Default,Default,Default,Default,Default,Default,Default,Default,Default,Default,Default,Default,Default,Default,Default,Default,Default,Default,Default,Default,Default,Default,Default,Default,Default,Default,Default,Default,Default,Default,Default,Default,Default,Default,Default,Default,DefaultJob,,1,Workload,Actual,10,494744600,16777216,29.49,0,0,0,0
SerializationBenchmark.Serialize_BinaryGenerated_RentedBuffer,KeyValueStore.Benchmarks,SerializationBenchmark,Serialize_BinaryGenerated_RentedBuffer,DefaultJob,Default,Default,Default,Default,Default,Default,Default,Default,Default,Default,Default,Default,Default,Default,Default,Default,Default,Default,Default,Default,Default,Default,Default,Default,Default,Default,Default,Default,Default,Default,Default,Default,Default,Default,Default,Default,Default,Default,Default,Default,Default,Default,DefaultJob,,1,Workload,Actual,11,493732300,16777216,29.43,0,0,0,0
SerializationBenchmark.Serialize_BinaryGenerated_RentedBuffer,KeyValueStore.Benchmarks,SerializationBenchmark,Serialize_BinaryGenerated_RentedBuffer,DefaultJob,Default,Default,Default,Default,Default,Default,Default,Default,Default,Default,Default,Default,Default,Default,Default,Default,Default,Default,Default,Default,Default,Default,Default,Default,Default,Default,Default,Default,Default,Default,Default,Default,Default,Default,Default,Default,Default,Default,Default,Default,Default,Default,DefaultJob,,1,Workload,Actual,12,493850800,16777216,29.44,0,0,0,0
SerializationBenchmark.Serialize_BinaryGenerated_RentedBuffer,KeyValueStore.Benchmarks,SerializationBenchmark,Serialize_BinaryGenerated_RentedBuffer,DefaultJob,Default,Default,Default,Default,Default,Default,Default,Default,Default,Default,Default,Default,Default,Default,Default,Default,Default,Default,Default,Default,Default,Default,Default,Default,Default,Default,Default,Default,Default,Default,Default,Default,Default,Default,Default,Default,Default,Default,Default,Default,Default,Default,DefaultJob,,1,Workload,Actual,13,494427800,16777216,29.47,0,0,0,0
SerializationBenchmark.Serialize_BinaryGenerated_RentedBuffer,KeyValueStore.Benchmarks,SerializationBenchmark,Serialize_BinaryGenerated_RentedBuffer,DefaultJob,Default,Default,Default,Default,Default,Default,Default,Default,Default,Default,Default,Default,Default,Default,Default,Default,Default,Default,Default,Default,Default,Default,Default,Default,Default,Default,Default,Default,Default,Default,Default,Default,Default,Default,Default,Default,Default,Default,Default,Default,Default,Default,DefaultJob,,1,Workload,Actual,14,493783600,16777216,29.43,0,0,0,0
SerializationBenchmark.Serialize_BinaryGenerated_RentedBuffer,KeyValueStore.Benchmarks,SerializationBenchmark,Serialize_BinaryGenerated_RentedBuffer,DefaultJob,Default,Default,Default,Default,Default,Default,Default,Default,Default,Default,Default,Default,Default,Default,Default,Default,Default,Default,Default,Default,Default,Default,Default,Default,Default,Default,Default,Default,Default,Default,Default,Default,Default,Default,Default,Default,Default,Default,Default,Default,Default,Default,DefaultJob,,1,Workload,Actual,15,496803900,16777216,29.61,0,0,0,0
SerializationBenchmark.Serialize_BinaryGenerated_RentedBuffer,KeyValueStore.Benchmarks,SerializationBenchmark,Serialize_BinaryGenerated_RentedBuffer,DefaultJob,Default,Default,Default,Default,Default,Default,Default,Default,Default,Default,Default,Default,Default,Default,Default,Default,Default,Default,Default,Default,Default,Default,Default,Default,Default,Default,Default,Default,Default,Default,Default,Default,Default,Default,Default,Default,Default,Default,Default,Default,Default,Default,DefaultJob,,1,Workload,Result,1,476776500,16777216,28.42,0,0,0,0
SerializationBenchmark.Serialize_BinaryGenerated_RentedBuffer,KeyValueStore.Benchmarks,SerializationBenchmark,Serialize_BinaryGenerated_RentedBuffer,DefaultJob,Default,Default,Default,Default,Default,Default,Default,Default,Default,Default,Default,Default,Default,Default,Default,Default,Default,Default,Default,Default,Default,Default,Default,Default,Default,Default,Default,Default,Default,Default,Default,Default,Default,Default,Default,Default,Default,Default,Default,Default,Default,Default,DefaultJob,,1,Workload,Result,2,470320300,16777216,28.03,0,0,0,0
SerializationBenchmark.Serialize_BinaryGenerated_RentedBuffer,KeyValueStore.Benchmarks,SerializationBenchmark,Serialize_BinaryGenerated_RentedBuffer,DefaultJob,Default,Default,Default,Default,Default,Default,Default,Default,Default,Default,Default,Default,Default,Default,Default,Default,Default,Default,Default,Default,Default,Default,Default,Default,Default,Default,Default,Default,Default,Default,Default,Default,Default,Default,Default,Default,Default,Default,Default,Default,Default,Default,DefaultJob,,1,Workload,Result,3,474097700,16777216,28.26,0,0,0,0
SerializationBenchmark.Serialize_BinaryGenerated_RentedBuffer,KeyValueStore.Benchmarks,SerializationBenchmark,Serialize_BinaryGenerated_RentedBuffer,DefaultJob,Default,Default,Default,Default,Default,Default,Default,Default,Default,Default,Default,Default,Default,Default,Default,Default,Default,Default,Default,Default,Default,Default,Default,Default,Default,Default,Default,Default,Default,Default,Default,Default,Default,Default,Default,Default,Default,Default,Default,Default,Default,Default,DefaultJob,,1,Workload,Result,4,470436500,16777216,28.04,0,0,0,0
SerializationBenchmark.Serialize_BinaryGenerated_RentedBuffer,KeyValueStore.Benchmarks,SerializationBenchmark,Serialize_BinaryGenerated_RentedBuffer,DefaultJob,Default,Default,Default,Default,Default,Default,Default,Default,Default,Default,Default,Default,Default,Default,Default,Default,Default,Default,Default,Default,Default,Default,Default,Default,Default,Default,Default,Default,Default,Default,Default,Default,Default,Default,Default,Default,Default,Default,Default,Default,Default,Default,DefaultJob,,1,Workload,Result,5,472180500,16777216,28.14,0,0,0,0
SerializationBenchmark.Serialize_BinaryGenerated_RentedBuffer,KeyValueStore.Benchmarks,SerializationBenchmark,Serialize_BinaryGenerated_RentedBuffer,DefaultJob,Default,Default,Default,Default,Default,Default,Default,Default,Default,Default,Default,Default,Default,Default,Default,Default,Default,Default,Default,Default,Default,Default,Default,Default,Default,Default,Default,Default,Default,Default,Default,Default,Default,Default,Default,Default,Default,Default,Default,Default,Default,Default,DefaultJob,,1,Workload,Result,6,473491800,16777216,28.22,0,0,0,0
SerializationBenchmark.Serialize_BinaryGenerated_RentedBuffer,KeyValueStore.Benchmarks,SerializationBenchmark,Serialize_BinaryGenerated_RentedBuffer,DefaultJob,Default,Default,Default,Default,Default,Default,Default,Default,Default,Default,Default,Default,Default,Default,Default,Default,Default,Default,Default,Default,Default,Default,Default,Default,Default,Default,Default,Default,Default,Default,Default,Default,Default,Default,Default,Default,Default,Default,Default,Default,Default,Default,DefaultJob,,1,Workload,Result,7,478961400,16777216,28.55,0,0,0,0
SerializationBenchmark.Serialize_BinaryGenerated_RentedBuffer,KeyValueStore.Benchmarks,SerializationBenchmark,Serialize_BinaryGenerated_RentedBuffer,DefaultJob,Default,Default,Default,Default,Default,Default,Default,Default,Default,Default,Default,Default,Default,Default,Default,Default,Default,Default,Default,Default,Default,Default,Default,Default,Default,Default,Default,Default,Default,Default,Default,Default,Default,Default,Default,Default,Default,Default,Default,Default,Default,Default,DefaultJob,,1,Workload,Result,8,474724400,16777216,28.3,0,0,0,0
SerializationBenchmark.Serialize_BinaryGenerated_RentedBuffer,KeyValueStore.Benchmarks,SerializationBenchmark,Serialize_BinaryGenerated_RentedBuffer,DefaultJob,Default,Default,Default,Default,Default,Default,Default,Default,Default,Default,Default,Default,Default,Default,Default,Default,Default,Default,Default,Default,Default,Default,Default,Default,Default,Default,Default,Default,Default,Default,Default,Default,Default,Default,Default,Default,Default,Default,Default,Default,Default,Default,DefaultJob,,1,Workload,Result,9,473070200,16777216,28.2,0,0,0,0
SerializationBenchmark.Serialize_BinaryGenerated_RentedBuffer,KeyValueStore.Benchmarks,SerializationBenchmark,Serialize_BinaryGenerated_RentedBuffer,DefaultJob,Default,Default,Default,Default,Default,Default,Default,Default,Default,Default,Default,Default,Default,Default,Default,Default,Default,Default,Default,Default,Default,Default,Default,Default,Default,Default,Default,Default,Default,Default,Default,Default,Default,Default,Default,Default,Default,Default,Default,Default,Default,Default,DefaultJob,,1,Workload,Result,10,472057900,16777216,28.14,0,0,0,0
SerializationBenchmark.Serialize_BinaryGenerated_RentedBuffer,KeyValueStore.Benchmarks,SerializationBenchmark,Serialize_BinaryGenerated_RentedBuffer,DefaultJob,Default,Default,Default,Default,Default,Default,Default,Default,Default,Default,Default,Default,Default,Default,Default,Default,Default,Default,Default,Default,Default,Default,Default,Default,Default,Default,Default,Default,Default,Default,Default,Default,Default,Default,Default,Default,Default,Default,Default,Default,Default,Default,DefaultJob,,1,Workload,Result,11,472176400,16777216,28.14,0,0,0,0
SerializationBenchmark.Serialize_BinaryGenerated_RentedBuffer,KeyValueStore.Benchmarks,SerializationBenchmark,Serialize_BinaryGenerated_RentedBuffer,DefaultJob,Default,Default,Default,Default,Default,Default,Default,Default,Default,Default,Default,Default,Default,Default,Default,Default,Default,Default,Default,Default,Default,Default,Default,Default,Default,Default,Default,Default,Default,Default,Default,Default,Default,Default,Default,Default,Default,Default,Default,Default,Default,Default,DefaultJob,,1,Workload,Result,12,472753400,16777216,28.18,0,0,0,0
SerializationBenchmark.Serialize_BinaryGenerated_RentedBuffer,KeyValueStore.Benchmarks,SerializationBenchmark,Serialize_BinaryGenerated_RentedBuffer,DefaultJob,Default,Default,Default,Default,Default,Default,Default,Default,Default,Default,Default,Default,Default,Default,Default,Default,Default,Default,Default,Default,Default,Default,Default,Default,Default,Default,Default,Default,Default,Default,Default,Default,Default,Default,Default,Default,Default,Default,Default,Default,Default,Default,DefaultJob,,1,Workload,Result,13,472109200,16777216,28.14,0,0,0,0
SerializationBenchmark.Serialize_BinaryGenerated_RentedBuffer,KeyValueStore.Benchmarks,SerializationBenchmark,Serialize_BinaryGenerated_RentedBuffer,DefaultJob,Default,Default,Default,Default,Default,Default,Default,Default,Default,Default,Default,Default,Default,Default,Default,Default,Default,Default,Default,Default,Default,Default,Default,Default,Default,Default,Default,Default,Default,Default,Default,Default,Default,Default,Default,Default,Default,Default,Default,Default,Default,Default,DefaultJob,,1,Workload,Result,14,475129500,16777216,28.32,0,0,0,0
